lecture_weeks - Split 1,lecture_weeks - Split 2,lecture_weeks - Split 3,lecture_weeks - Split 4,lecture_weeks - Split 5,lecture_weeks - Split 6,lecture_weeks - Split 7,lecture_weeks - Split 8,lecture_weeks - Split 9,lecture_weeks - Split 10,lecture_id,unit_code,lecture_start_time,lecture_day,unit_name,lecture_end_time,module_type,lecture_weeks
2,3,4,5,6,8,9,10,11,12,12932,U22338,30/12/1899 09:00:00,Tue,3D COMPUTER GRAPHICS AND ANIMATION,30/12/1899 10:00:00,Lect,"2,3,4,5,6,8,9,10,11,12,13"
14,15,16,17,18,19,21,22,23,24,12933,U22338,30/12/1899 09:00:00,Tue,3D COMPUTER GRAPHICS AND ANIMATION,30/12/1899 10:00:00,Lect,"14,15,16,17,18,19,21,22,23,24,25,26"
2,3,4,5,6,8,9,10,11,12,12934,U21278,30/12/1899 12:00:00,Mon,ADVANCED DATABASE CONCEPTS,30/12/1899 13:00:00,Lect,"2,3,4,5,6,8,9,10,11,12,13"
2,3,4,5,6,8,9,10,11,12,12935,U21278,30/12/1899 11:00:00,Thu,ADVANCED DATABASE CONCEPTS,30/12/1899 12:00:00,Pract,"2,3,4,5,6,8,9,10,11,12,13"
14,15,16,17,18,19,21,22,23,24,12936,U21278,30/12/1899 12:00:00,Mon,ADVANCED DATABASE CONCEPTS,30/12/1899 13:00:00,Lect,"14,15,16,17,18,19,21,22,23,24,25,26"
14,15,16,17,18,19,21,22,23,24,12937,U21278,30/12/1899 11:00:00,Thu,ADVANCED DATABASE CONCEPTS,30/12/1899 12:00:00,Pract,"14,15,16,17,18,19,21,22,23,24,25,26"
2,3,4,5,6,8,9,10,11,12,12938,U22389,30/12/1899 16:00:00,Wed,ADVANCED DATABASE CONCEPTS (DL),30/12/1899 19:00:00,DL,"2,3,4,5,6,8,9,10,11,12,13"
2,3,4,5,6,8,9,10,11,12,12939,U21279,30/12/1899 10:00:00,Mon,ADVANCED NETWORKS,30/12/1899 12:00:00,Lect,"2,3,4,5,6,8,9,10,11,12,13"
14,15,16,17,18,19,21,22,23,24,12940,U21279,30/12/1899 10:00:00,Mon,ADVANCED NETWORKS,30/12/1899 12:00:00,Lect,"14,15,16,17,18,19,21,22,23,24,25,26"
14,15,16,17,18,19,21,22,23,24,12941,U22445,30/12/1899 16:00:00,Wed,ADVANCED NETWORKS (DL),30/12/1899 19:00:00,DL,"14,15,16,17,18,19,21,22,23,24,25,26"
2,3,4,5,6,8,9,10,11,12,12942,U21266,30/12/1899 10:00:00,Wed,ADVANCED PROGRAMMING CONCEPTS,30/12/1899 11:00:00,Lect,"2,3,4,5,6,8,9,10,11,12,13"
14,16,18,21,23,25,,,,,12943,U21266,30/12/1899 11:00:00,Fri,ADVANCED PROGRAMMING CONCEPTS,30/12/1899 12:00:00,Lect,"14,16,18,21,23,25"
14,15,16,17,18,19,21,22,23,24,12944,U21266,30/12/1899 10:00:00,Wed,ADVANCED PROGRAMMING CONCEPTS,30/12/1899 11:00:00,Lect,"14,15,16,17,18,19,21,22,23,24,25,26"
2,4,6,8,10,12,,,,,12945,U21280,30/12/1899 13:00:00,Mon,ADVANCED SOFTWARE ENGINEERING,30/12/1899 15:00:00,Lect,"2,4,6,8,10,12"
2,4,6,8,10,12,,,,,12946,U21280,30/12/1899 09:00:00,Thu,ADVANCED SOFTWARE ENGINEERING,30/12/1899 10:00:00,Sem,"2,4,6,8,10,12"
15,17,19,21,23,25,,,,,12947,U21280,30/12/1899 13:00:00,Mon,ADVANCED SOFTWARE ENGINEERING,30/12/1899 15:00:00,Lect,"15,17,19,21,23,25"
15,17,19,21,23,25,,,,,12948,U21280,30/12/1899 09:00:00,Thu,ADVANCED SOFTWARE ENGINEERING,30/12/1899 10:00:00,Sem,"15,17,19,21,23,25"
2,6,9,11,13,,,,,,12949,U21804,30/12/1899 10:00:00,Fri,ADVANCED SYSTEMS ANALYSIS,30/12/1899 12:00:00,Lect,"2,6,9,11,13"
6,,,,,,,,,,12950,U21804,30/12/1899 12:00:00,Fri,ADVANCED SYSTEMS ANALYSIS,30/12/1899 14:00:00,Drop-In,6
15,17,19,22,24,,,,,,12951,U21804,30/12/1899 10:00:00,Fri,ADVANCED SYSTEMS ANALYSIS,30/12/1899 12:00:00,Lect,"15,17,19,22,24"
26,,,,,,,,,,12952,U21804,30/12/1899 09:00:00,Thu,ADVANCED SYSTEMS ANALYSIS,30/12/1899 11:00:00,Lect,26
14,15,16,17,18,19,21,22,23,24,12953,U22374,30/12/1899 13:00:00,Wed,ADVANCED SYSTEMS DEVELOPMENT (DL),30/12/1899 16:00:00,DL,"14,15,16,17,18,19,21,22,23,24,25,26"
2,3,4,5,6,8,9,10,11,12,12954,U23526,30/12/1899 10:00:00,Wed,APPLIED COMPUTER GRAPHICS AND VISION,30/12/1899 11:00:00,Lect,"2,3,4,5,6,8,9,10,11,12,13"
14,15,16,17,18,19,21,22,23,24,12955,U23526,30/12/1899 09:00:00,Fri,APPLIED COMPUTER GRAPHICS AND VISION,30/12/1899 10:00:00,Lect,"14,15,16,17,18,19,21,22,23,24,25,26"
2,3,4,5,6,8,9,10,11,12,12956,U26488,30/12/1899 09:00:00,Mon,APPLIED DATA AND TEXT ANALYTICS,30/12/1899 13:00:00,Work,"2,3,4,5,6,8,9,10,11,12,13"
2,3,4,5,6,8,9,10,11,12,12957,U25157,30/12/1899 14:00:00,Mon,BASICS OF THE BUSINESS ENVIRONMENT,30/12/1899 15:00:00,Lect,"2,3,4,5,6,8,9,10,11,12,13"
2,3,4,5,6,8,9,10,11,12,12958,U25157,30/12/1899 15:00:00,Mon,BASICS OF THE BUSINESS ENVIRONMENT,30/12/1899 17:00:00,Pract,"2,3,4,5,6,8,9,10,11,12,13"
14,15,16,17,18,19,21,22,23,24,12959,U25157,30/12/1899 14:00:00,Mon,BASICS OF THE BUSINESS ENVIRONMENT,30/12/1899 15:00:00,Lect,"14,15,16,17,18,19,21,22,23,24,25,26"
14,15,16,17,18,19,21,22,23,24,12960,U25157,30/12/1899 15:00:00,Mon,BASICS OF THE BUSINESS ENVIRONMENT,30/12/1899 17:00:00,Pract,"14,15,16,17,18,19,21,22,23,24,25,26"
14,15,16,17,18,19,21,22,23,24,12961,U26491,30/12/1899 13:00:00,Fri,BIG DATA APPLICATIONS,30/12/1899 17:00:00,Work,"14,15,16,17,18,19,21,22,23,24,25,26"
2,3,4,5,6,8,9,10,11,12,12962,U21267,30/12/1899 15:00:00,Tue,BUSINESS INFORMATION SYSTEMS SECURITY,30/12/1899 16:00:00,Lect,"2,3,4,5,6,8,9,10,11,12,13"
14,15,16,17,18,19,21,22,23,24,12963,U21267,30/12/1899 15:00:00,Tue,BUSINESS INFORMATION SYSTEMS SECURITY,30/12/1899 16:00:00,Lect,"14,15,16,17,18,19,21,22,23,24,25,26"
14,15,16,17,18,19,21,22,23,24,12964,U26490,30/12/1899 09:00:00,Mon,BUSINESS INTELLIGENCE,30/12/1899 13:00:00,Work,"14,15,16,17,18,19,21,22,23,24,25,26"
3,5,8,10,12,,,,,,12965,U25158,30/12/1899 11:00:00,Fri,BUSINESS RESEARCH,30/12/1899 12:00:00,Lect,"3,5,8,10,12"
15,,,,,,,,,,12966,U25158,30/12/1899 11:00:00,Fri,BUSINESS RESEARCH,30/12/1899 12:00:00,Lect,15
16,18,23,25,,,,,,,12967,U25158,30/12/1899 11:00:00,Fri,BUSINESS RESEARCH,30/12/1899 12:00:00,Lect,"16,18,23,25"
2,,,,,,,,,,12968,U21769,30/12/1899 11:00:00,Tue,BUSINESS SYSTEMS ANALYSIS,30/12/1899 13:00:00,Lect,2
4,6,9,11,13,,,,,,12969,U21769,30/12/1899 11:00:00,Tue,BUSINESS SYSTEMS ANALYSIS,30/12/1899 13:00:00,Lect,"4,6,9,11,13"
15,17,19,22,24,26,,,,,12970,U21769,30/12/1899 12:00:00,Tue,BUSINESS SYSTEMS ANALYSIS,30/12/1899 14:00:00,Lect,"15,17,19,22,24,26"
2,3,4,5,6,8,9,10,11,12,12971,U22344,30/12/1899 11:00:00,Mon,BUSINESS SYSTEMS ANALYSIS AND DESIGN,30/12/1899 13:00:00,Sem,"2,3,4,5,6,8,9,10,11,12,13"
14,15,16,17,18,19,21,22,23,24,12972,U22344,30/12/1899 11:00:00,Mon,BUSINESS SYSTEMS ANALYSIS AND DESIGN,30/12/1899 13:00:00,Sem,"14,15,16,17,18,19,21,22,23,24,25,26"
2,3,4,5,6,8,9,10,11,12,12973,P21422,30/12/1899 15:00:00,Tue,CLIENT SERVER NETWORK ARCHITECTURE,30/12/1899 16:00:00,CompL,"2,3,4,5,6,8,9,10,11,12,13"
2,3,4,5,6,8,9,10,11,12,12974,P21422,30/12/1899 13:00:00,Thu,CLIENT SERVER NETWORK ARCHITECTURE,30/12/1899 15:00:00,Comp,"2,3,4,5,6,8,9,10,11,12,13"
14,,,,,,,,,,12975,P24371,30/12/1899 16:00:00,Fri,CLOUD COMPUTING,30/12/1899 17:00:00,Lect,14
15,16,17,18,19,21,22,23,,,12976,P24371,30/12/1899 09:00:00,Tue,CLOUD COMPUTING,30/12/1899 12:00:00,PBL,"15,16,17,18,19,21,22,23"
25,,,,,,,,,,12977,P24371,30/12/1899 09:00:00,Tue,CLOUD COMPUTING,30/12/1899 12:00:00,PBL,25
26,,,,,,,,,,12978,P24371,30/12/1899 11:00:00,Fri,CLOUD COMPUTING,30/12/1899 12:00:00,Tut,26
14,15,16,17,18,19,21,22,23,24,12979,P21436,30/12/1899 15:00:00,Thu,COMMUNICATION SECURITY,30/12/1899 16:00:00,Lect,"14,15,16,17,18,19,21,22,23,24,25,26"
14,15,16,17,18,19,21,22,23,24,12980,P21436,30/12/1899 09:00:00,Fri,COMMUNICATION SECURITY,30/12/1899 10:00:00,Lect,"14,15,16,17,18,19,21,22,23,24,25,26"
17,19,,,,,,,,,12981,P21436,30/12/1899 17:00:00,Mon,COMMUNICATION SECURITY,30/12/1899 18:00:00,Tut,"17,19"
21,,,,,,,,,,12982,P21436,30/12/1899 09:00:00,Thu,COMMUNICATION SECURITY,30/12/1899 12:00:00,Lab,21
21,23,,,,,,,,,12983,P21436,30/12/1899 17:00:00,Mon,COMMUNICATION SECURITY,30/12/1899 18:00:00,Tut,"21,23"
26,,,,,,,,,,12984,P21436,30/12/1899 11:00:00,Mon,COMMUNICATION SECURITY,30/12/1899 12:00:00,Tut,26
26,,,,,,,,,,12985,P21436,30/12/1899 17:00:00,Mon,COMMUNICATION SECURITY,30/12/1899 18:00:00,Tut,26
5,8,9,10,11,,,,,,12986,U22731,30/12/1899 10:00:00,Thu,COMP TUTORIAL LEVEL 4,30/12/1899 11:00:00,Pers Tut,"5,8,9,10,11"
14,15,17,19,21,22,,,,,12987,U22731,30/12/1899 10:00:00,Thu,COMP TUTORIAL LEVEL 4,30/12/1899 11:00:00,Pers Tut,"14,15,17,19,21,22"
15,17,19,21,23,,,,,,12988,U22731,30/12/1899 16:00:00,Thu,COMP TUTORIAL LEVEL 4,30/12/1899 17:00:00,Lect,"15,17,19,21,23"
6,12,,,,,,,,,12989,U22732,30/12/1899 10:00:00,Thu,COMP TUTORIAL LEVEL 5,30/12/1899 11:00:00,Pers Tut,"6,12"
16,23,,,,,,,,,12990,U22732,30/12/1899 10:00:00,Thu,COMP TUTORIAL LEVEL 5,30/12/1899 11:00:00,Pers Tut,"16,23"
2,4,6,9,11,13,,,,,12991,U26153,30/12/1899 10:00:00,Thu,COMP TUTORIAL LEVEL 7,30/12/1899 11:00:00,Pers Tut,"2,4,6,9,11,13"
,,,,,,,,,,12992,U26153,30/12/1899 10:00:00,Thu,COMP TUTORIAL LEVEL 7,30/12/1899 11:00:00,Pers Tut,
5,,,,,,,,,,12993,U26153,30/12/1899 10:00:00,Tue,COMP TUTORIAL LEVEL 7,30/12/1899 11:00:00,Pers Tut,5
14,16,18,21,23,25,,,,,12994,U26153,30/12/1899 11:00:00,Tue,COMP TUTORIAL LEVEL 7,30/12/1899 12:00:00,Pers Tut,"14,16,18,21,23,25"
15,17,19,22,24,26,,,,,12995,U26153,30/12/1899 11:00:00,Tue,COMP TUTORIAL LEVEL 7,30/12/1899 12:00:00,Pers Tut,"15,17,19,22,24,26"
14,15,16,17,18,19,21,22,23,24,12996,U23829,30/12/1899 10:00:00,Tue,COMPUTER ARCHITECTURE,30/12/1899 11:00:00,Lect,"14,15,16,17,18,19,21,22,23,24,25,26"
2,3,4,5,6,8,9,10,11,12,12997,P22434,30/12/1899 14:00:00,Thu,COMPUTER FORENSIC INVESTIGATION AND CRYPTOGRAPHY,30/12/1899 15:00:00,Lect,"2,3,4,5,6,8,9,10,11,12,13"
2,3,4,5,6,8,9,10,11,12,12998,P22434,30/12/1899 15:00:00,Thu,COMPUTER FORENSIC INVESTIGATION AND CRYPTOGRAPHY,30/12/1899 17:00:00,Pract,"2,3,4,5,6,8,9,10,11,12,13"
14,,,,,,,,,,12999,P22434,30/12/1899 09:00:00,Fri,COMPUTER FORENSIC INVESTIGATION AND CRYPTOGRAPHY,30/12/1899 12:55:00,Work,14
14,,,,,,,,,,13000,P22434,30/12/1899 13:00:00,Fri,COMPUTER FORENSIC INVESTIGATION AND CRYPTOGRAPHY,30/12/1899 17:00:00,Work,14
14,,,,,,,,,,13001,P22434,30/12/1899 14:00:00,Thu,COMPUTER FORENSIC INVESTIGATION AND CRYPTOGRAPHY,30/12/1899 15:00:00,Lect,14
14,,,,,,,,,,13002,P22434,30/12/1899 15:00:00,Thu,COMPUTER FORENSIC INVESTIGATION AND CRYPTOGRAPHY,30/12/1899 17:00:00,Pract,14
15,16,17,18,19,21,22,23,24,25,13003,P22434,30/12/1899 14:00:00,Thu,COMPUTER FORENSIC INVESTIGATION AND CRYPTOGRAPHY,30/12/1899 15:00:00,Lect,"15,16,17,18,19,21,22,23,24,25,26"
15,16,17,18,19,21,22,23,24,25,13004,P22434,30/12/1899 15:00:00,Thu,COMPUTER FORENSIC INVESTIGATION AND CRYPTOGRAPHY,30/12/1899 17:00:00,Pract,"15,16,17,18,19,21,22,23,24,25,27"
25,,,,,,,,,,13005,P22434,30/12/1899 09:00:00,Fri,COMPUTER FORENSIC INVESTIGATION AND CRYPTOGRAPHY,30/12/1899 12:55:00,Work,25
25,,,,,,,,,,13006,P22434,30/12/1899 13:00:00,Fri,COMPUTER FORENSIC INVESTIGATION AND CRYPTOGRAPHY,30/12/1899 17:00:00,Work,25
2,3,4,5,6,8,9,10,11,12,13007,U21268,30/12/1899 17:00:00,Thu,COMPUTER OPERATING SYSTEMS AND INTERMEDIATE NETWORKING,30/12/1899 18:00:00,Lect,"2,3,4,5,6,8,9,10,11,12,13"
14,15,16,17,18,19,21,22,23,24,13008,U21268,30/12/1899 17:00:00,Thu,COMPUTER OPERATING SYSTEMS AND INTERMEDIATE NETWORKING,30/12/1899 18:00:00,Lect,"14,15,16,17,18,19,21,22,23,24,25,26"
2,3,4,5,6,8,9,10,11,12,13009,P22240,30/12/1899 09:00:00,Wed,COMPUTER SECURITY,30/12/1899 10:00:00,Lect,"2,3,4,5,6,8,9,10,11,12,13"
2,3,4,5,6,8,9,10,11,12,13010,P22240,30/12/1899 10:00:00,Wed,COMPUTER SECURITY,30/12/1899 11:00:00,Pract,"2,3,4,5,6,8,9,10,11,12,13"
14,15,16,17,18,19,21,22,23,24,13011,P22240,30/12/1899 09:00:00,Wed,COMPUTER SECURITY,30/12/1899 10:00:00,Lect,"14,15,16,17,18,19,21,22,23,24,25,26"
14,15,16,17,18,19,21,22,23,24,13012,P22240,30/12/1899 10:00:00,Wed,COMPUTER SECURITY,30/12/1899 11:00:00,Pract,"14,15,16,17,18,19,21,22,23,24,25,26"
2,3,4,5,6,8,9,10,11,12,13013,U24122,30/12/1899 09:00:00,Tue,COMPUTER VISION,30/12/1899 10:00:00,Lect,"2,3,4,5,6,8,9,10,11,12"
2,3,4,5,6,8,9,10,11,13,13014,U24122,30/12/1899 10:00:00,Tue,COMPUTER VISION,30/12/1899 11:00:00,Pract,"2,3,4,5,6,8,9,10,11,13"
13,,,,,,,,,,13015,U24122,30/12/1899 09:00:00,Tue,COMPUTER VISION,30/12/1899 10:00:00,Drop-In,13
13,,,,,,,,,,13016,U24122,30/12/1899 10:00:00,Tue,COMPUTER VISION,30/12/1899 11:00:00,Drop-In,13
14,15,16,17,18,19,,,,,13017,U24122,30/12/1899 10:00:00,Tue,COMPUTER VISION,30/12/1899 11:00:00,Pract,"14,15,16,17,18,19"
14,15,16,17,18,19,21,22,23,25,13018,U24122,30/12/1899 09:00:00,Tue,COMPUTER VISION,30/12/1899 10:00:00,Lect,"14,15,16,17,18,19,21,22,23,25"
21,22,23,,,,,,,,13019,U24122,30/12/1899 10:00:00,Tue,COMPUTER VISION,30/12/1899 11:00:00,Pract,"21,22,23"
26,,,,,,,,,,13020,U24122,30/12/1899 09:00:00,Tue,COMPUTER VISION,30/12/1899 10:00:00,Drop-In,26
26,,,,,,,,,,13021,U24122,30/12/1899 10:00:00,Tue,COMPUTER VISION,30/12/1899 11:00:00,Drop-In,26
2,3,4,5,6,8,9,10,11,12,13022,U25766,30/12/1899 09:00:00,Mon,COMPUTING FOR ROBOTICS,30/12/1899 10:00:00,Lect,"2,3,4,5,6,8,9,10,11,12,13"
13,,,,,,,,,,13023,U25766,30/12/1899 10:00:00,Tue,COMPUTING FOR ROBOTICS,30/12/1899 11:00:00,Drop-In,13
14,15,16,17,18,19,21,22,23,25,13024,U25766,30/12/1899 09:00:00,Mon,COMPUTING FOR ROBOTICS,30/12/1899 10:00:00,Lect,"14,15,16,17,18,19,21,22,23,25"
26,,,,,,,,,,13025,U25766,30/12/1899 09:00:00,Mon,COMPUTING FOR ROBOTICS,30/12/1899 10:00:00,Drop-In,26
26,,,,,,,,,,13026,U25766,30/12/1899 10:00:00,Tue,COMPUTING FOR ROBOTICS,30/12/1899 11:00:00,Drop-In,26
2,,,,,,,,,,13027,U23800,30/12/1899 12:00:00,Mon,COMPUTING UNDERGRADUATE AMBASSADOR,30/12/1899 13:00:00,Lect,2
3,4,5,6,,,,,,,13028,U23800,30/12/1899 11:00:00,Mon,COMPUTING UNDERGRADUATE AMBASSADOR,30/12/1899 12:30:00,Pract,"3,4,5,6"
14,23,,,,,,,,,13029,U23800,30/12/1899 11:00:00,Mon,COMPUTING UNDERGRADUATE AMBASSADOR,30/12/1899 12:30:00,Pract,"14,23"
15,16,17,18,19,21,22,23,,,13030,U23800,30/12/1899 09:00:00,Mon,COMPUTING UNDERGRADUATE AMBASSADOR,30/12/1899 12:55:00,Place,"15,16,17,18,19,21,22,23"
25,26,,,,,,,,,13031,U23800,30/12/1899 09:00:00,Mon,COMPUTING UNDERGRADUATE AMBASSADOR,30/12/1899 12:55:00,Prest,"25,26"
2,3,4,5,8,10,11,,,,13032,P21382,30/12/1899 13:00:00,Fri,CONCEPTS OF DATA COMMUNICATION NETWORKS,30/12/1899 14:00:00,CompL,"2,3,4,5,8,10,11"
2,3,4,5,8,9,10,11,12,,13033,P21382,30/12/1899 09:00:00,Thu,CONCEPTS OF DATA COMMUNICATION NETWORKS,30/12/1899 11:00:00,Lect,"2,3,4,5,8,9,10,11,12"
9,13,,,,,,,,,13034,P21382,30/12/1899 13:00:00,Fri,CONCEPTS OF DATA COMMUNICATION NETWORKS,30/12/1899 14:00:00,Drop-In,"9,13"
14,15,16,17,18,21,22,23,,,13035,P21382,30/12/1899 09:00:00,Thu,CONCEPTS OF DATA COMMUNICATION NETWORKS,30/12/1899 11:00:00,Lect,"14,15,16,17,18,21,22,23"
22,23,,,,,,,,,13036,P21382,30/12/1899 13:00:00,Fri,CONCEPTS OF DATA COMMUNICATION NETWORKS,30/12/1899 14:00:00,Tut,"22,23"
25,,,,,,,,,,13037,P21382,30/12/1899 16:00:00,Thu,CONCEPTS OF DATA COMMUNICATION NETWORKS,30/12/1899 18:00:00,Comp,25
2,3,4,5,6,8,9,10,11,,13038,P21433,30/12/1899 10:00:00,Wed,DATA COMMUNICATIONS AND NETWORKING,30/12/1899 13:00:00,Lect,"2,3,4,5,6,8,9,10,11"
4,7,11,12,13,,,,,,13039,P21433,30/12/1899 12:00:00,Tue,DATA COMMUNICATIONS AND NETWORKING,30/12/1899 13:00:00,Tut,"4,7,11,12,13"
5,,,,,,,,,,13040,P21433,30/12/1899 09:00:00,Thu,DATA COMMUNICATIONS AND NETWORKING,30/12/1899 12:00:00,Lab,5
10,,,,,,,,,,13041,P21433,30/12/1899 09:00:00,Thu,DATA COMMUNICATIONS AND NETWORKING,30/12/1899 12:00:00,Lab,10
14,,,,,,,,,,13042,P21433,30/12/1899 16:00:00,Mon,DATA COMMUNICATIONS AND NETWORKING,30/12/1899 17:00:00,Tut,14
14,,,,,,,,,,13043,P21433,30/12/1899 12:00:00,Thu,DATA COMMUNICATIONS AND NETWORKING,30/12/1899 15:00:00,Test-IC,14
2,3,4,5,6,8,9,10,11,12,13044,U26489,30/12/1899 12:00:00,Thu,DATA MANAGEMENT,30/12/1899 16:00:00,Work,"2,3,4,5,6,8,9,10,11,12,13"
2,3,4,5,6,8,9,10,11,12,13045,U21270,30/12/1899 13:00:00,Tue,DATA STRUCTURES AND ALGORITHMS,30/12/1899 14:00:00,Lect,"2,3,4,5,6,8,9,10,11,12,13"
2,3,4,5,6,8,9,10,11,12,13046,U21270,30/12/1899 12:00:00,Wed,DATA STRUCTURES AND ALGORITHMS,30/12/1899 13:00:00,Lect,"2,3,4,5,6,8,9,10,11,12,13"
7,,,,,,,,,,13047,U21270,30/12/1899 10:00:00,Mon,DATA STRUCTURES AND ALGORITHMS,30/12/1899 12:00:00,Drop-In,7
7,,,,,,,,,,13048,U21270,30/12/1899 13:00:00,Tue,DATA STRUCTURES AND ALGORITHMS,30/12/1899 15:00:00,Drop-In,7
2,3,4,5,6,8,9,10,11,12,13049,U21269,30/12/1899 15:00:00,Thu,DATABASE PRINCIPLES,30/12/1899 16:00:00,Lect,"2,3,4,5,6,8,9,10,11,12,13"
14,15,16,17,18,19,21,22,23,24,13050,U21269,30/12/1899 15:00:00,Thu,DATABASE PRINCIPLES,30/12/1899 16:00:00,Lect,"14,15,16,17,18,19,21,22,23,24,25,26"
2,3,4,5,6,8,9,10,11,12,13051,U25159,30/12/1899 16:00:00,Tue,DIGITAL ENTERPRISE AND INNOVATION,30/12/1899 18:00:00,Sem,"2,3,4,5,6,8,9,10,11,12,13"
14,18,,,,,,,,,13052,U25159,30/12/1899 14:00:00,Fri,DIGITAL ENTERPRISE AND INNOVATION,30/12/1899 16:00:00,Sem,"14,18"
15,16,17,19,21,22,23,25,,,13053,U25159,30/12/1899 14:00:00,Fri,DIGITAL ENTERPRISE AND INNOVATION,30/12/1899 16:00:00,Sem,"15,16,17,19,21,22,23,25"
14,15,16,17,18,19,21,22,23,24,13054,U21274,30/12/1899 13:00:00,Tue,DISCRETE MATHEMATICS AND FUNCTIONAL PROGRAMMING,30/12/1899 14:00:00,Lect,"14,15,16,17,18,19,21,22,23,24,25,26"
14,15,16,17,18,19,21,22,23,24,13055,U21274,30/12/1899 12:00:00,Wed,DISCRETE MATHEMATICS AND FUNCTIONAL PROGRAMMING,30/12/1899 13:00:00,Lect,"14,15,16,17,18,19,21,22,23,24,25,26"
2,3,4,5,6,8,9,10,11,12,13056,U23483,30/12/1899 09:00:00,Wed,DISTRIBUTED  AND MOBILE SYSTEMS,30/12/1899 10:00:00,Sem,"2,3,4,5,6,8,9,10,11,12,13"
14,15,16,17,18,19,21,22,23,24,13057,U23483,30/12/1899 09:00:00,Wed,DISTRIBUTED  AND MOBILE SYSTEMS,30/12/1899 10:00:00,Pract,"14,15,16,17,18,19,21,22,23,24,25,26"
14,15,16,17,18,19,21,22,23,24,13058,U23483,30/12/1899 16:00:00,Thu,DISTRIBUTED  AND MOBILE SYSTEMS,30/12/1899 17:00:00,Lect,"14,15,16,17,18,19,21,22,23,24,25,26"
14,15,16,17,18,19,21,22,23,24,13059,U21281,30/12/1899 09:00:00,Wed,DISTRIBUTED SYSTEMS AND PARALLEL PROGRAMMING,30/12/1899 10:00:00,Lect,"14,15,16,17,18,19,21,22,23,24,25,26"
14,15,16,17,18,19,21,22,23,24,13060,U22375,30/12/1899 09:00:00,Wed,E-COMMERCE - A CRITICAL EVALUATION OF TECHNOLOGY (DL),30/12/1899 12:00:00,DL,"14,15,16,17,18,19,21,22,23,24,25,26"
2,4,6,9,11,13,,,,,13061,U21283,30/12/1899 10:00:00,Wed,EDUCATIONAL COMPUTING,30/12/1899 11:00:00,Lect,"2,4,6,9,11,13"
3,5,8,10,12,,,,,,13062,U21283,30/12/1899 10:00:00,Wed,EDUCATIONAL COMPUTING,30/12/1899 12:00:00,Pract,"3,5,8,10,12"
14,16,18,21,23,25,,,,,13063,U21283,30/12/1899 10:00:00,Wed,EDUCATIONAL COMPUTING,30/12/1899 12:00:00,Pract,"14,16,18,21,23,25"
15,17,19,22,24,26,,,,,13064,U21283,30/12/1899 10:00:00,Wed,EDUCATIONAL COMPUTING,30/12/1899 11:00:00,Lect,"15,17,19,22,24,26"
26,,,,,,,,,,13065,U21283,30/12/1899 09:00:00,Fri,EDUCATIONAL COMPUTING,30/12/1899 12:55:00,Work,26
26,,,,,,,,,,13066,U21283,30/12/1899 13:00:00,Fri,EDUCATIONAL COMPUTING,30/12/1899 15:00:00,Work,26
2,3,4,5,6,8,9,10,11,12,13067,P25810,30/12/1899 10:00:00,Wed,ENTERPRISE AND ISP NETWORK SOLUTIONS,30/12/1899 11:00:00,Lect,"2,3,4,5,6,8,9,10,11,12,13"
3,4,5,6,8,9,10,11,12,13,13068,P25810,30/12/1899 13:00:00,Mon,ENTERPRISE AND ISP NETWORK SOLUTIONS,30/12/1899 14:00:00,Comp,"3,4,5,6,8,9,10,11,12,13"
14,15,16,17,18,19,21,22,23,,13069,P25810,30/12/1899 13:00:00,Mon,ENTERPRISE AND ISP NETWORK SOLUTIONS,30/12/1899 14:00:00,Comp,"14,15,16,17,18,19,21,22,23"
14,15,16,17,18,19,21,22,24,,13070,P25810,30/12/1899 10:00:00,Wed,ENTERPRISE AND ISP NETWORK SOLUTIONS,30/12/1899 11:00:00,Lect,"14,15,16,17,18,19,21,22,24"
25,26,,,,,,,,,13071,P25810,30/12/1899 10:00:00,Wed,ENTERPRISE AND ISP NETWORK SOLUTIONS,30/12/1899 11:00:00,Tut,"25,26"
2,3,4,5,6,8,9,10,,,13072,U21289,30/12/1899 13:00:00,Tue,ENTERPRISE WEB ARCHITECTURES,30/12/1899 15:00:00,Lect,"2,3,4,5,6,8,9,10"
11,12,13,,,,,,,,13073,U21289,30/12/1899 13:00:00,Tue,ENTERPRISE WEB ARCHITECTURES,30/12/1899 14:00:00,Lect,"11,12,13"
11,12,13,,,,,,,,13074,U21289,30/12/1899 14:00:00,Tue,ENTERPRISE WEB ARCHITECTURES,30/12/1899 15:00:00,Pract,"11,12,13"
14,15,16,17,18,19,,,,,13075,U21289,30/12/1899 13:00:00,Tue,ENTERPRISE WEB ARCHITECTURES,30/12/1899 14:00:00,Lect,"14,15,16,17,18,19"
14,15,16,17,18,20,,,,,13076,U21289,30/12/1899 14:00:00,Tue,ENTERPRISE WEB ARCHITECTURES,30/12/1899 15:00:00,Pract,"14,15,16,17,18,20"
21,22,23,25,26,,,,,,13077,U21289,30/12/1899 13:00:00,Tue,ENTERPRISE WEB ARCHITECTURES,30/12/1899 15:00:00,Pract,"21,22,23,25,26"
2,3,4,5,6,8,9,10,11,12,13078,U22357,30/12/1899 16:00:00,Thu,FINAL YEAR MAJOR PROJECT,30/12/1899 17:00:00,DL,"2,3,4,5,6,8,9,10,11,12,13"
14,15,16,17,18,19,21,22,23,24,13079,U22357,30/12/1899 16:00:00,Thu,FINAL YEAR MAJOR PROJECT,30/12/1899 17:00:00,DL,"14,15,16,17,18,19,21,22,23,24,25,26"
4,5,,,,,,,,,13080,U22508,30/12/1899 09:00:00,Fri,FINAL YEAR STUDY PROJECT,30/12/1899 10:00:00,Lect,"4,5"
2,3,4,5,6,8,9,10,11,12,13081,U23509,30/12/1899 14:00:00,Fri,FORENSICS FUNDAMENTALS,30/12/1899 17:00:00,Lect,"2,3,4,5,6,8,9,10,11,12,13"
14,25,,,,,,,,,13082,U23510,30/12/1899 09:00:00,Wed,FORENSICS INVESTIGATIONS,30/12/1899 10:00:00,Lect,"14,25"
14,15,16,17,18,19,21,22,23,24,13083,U23510,30/12/1899 16:00:00,Mon,FORENSICS INVESTIGATIONS,30/12/1899 18:00:00,Pract,"14,15,16,17,18,19,21,22,23,24,25,26"
15,16,17,18,19,21,22,23,26,,13084,U23510,30/12/1899 15:00:00,Mon,FORENSICS INVESTIGATIONS,30/12/1899 16:00:00,Lect,"15,16,17,18,19,21,22,23,26"
2,3,4,5,6,8,9,10,11,12,13085,P21386,30/12/1899 11:00:00,Tue,FUNDAMENTALS OF COMPUTER SYSTEMS,30/12/1899 13:00:00,Lect,"2,3,4,5,6,8,9,10,11,12,13"
9,10,11,,,,,,,,13086,P21386,30/12/1899 15:00:00,Thu,FUNDAMENTALS OF COMPUTER SYSTEMS,30/12/1899 17:00:00,PBL,"9,10,11"
13,14,,,,,,,,,13087,P21386,30/12/1899 11:00:00,Tue,FUNDAMENTALS OF COMPUTER SYSTEMS,30/12/1899 13:00:00,Lect,"13,14"
14,15,16,17,18,19,21,22,23,,13088,P21386,30/12/1899 09:00:00,Mon,FUNDAMENTALS OF COMPUTER SYSTEMS,30/12/1899 11:00:00,PBL,"14,15,16,17,18,19,21,22,23"
14,15,16,17,18,19,21,22,23,,13089,P21386,30/12/1899 11:00:00,Tue,FUNDAMENTALS OF COMPUTER SYSTEMS,30/12/1899 13:00:00,Lect,"14,15,16,17,18,19,21,22,23"
25,,,,,,,,,,13090,P21386,30/12/1899 11:00:00,Tue,FUNDAMENTALS OF COMPUTER SYSTEMS,30/12/1899 13:00:00,Lect,25
25,,,,,,,,,,13091,P21386,30/12/1899 11:00:00,Fri,FUNDAMENTALS OF COMPUTER SYSTEMS,30/12/1899 13:00:00,Tut,25
2,3,4,5,6,8,9,10,11,,13092,U21284,30/12/1899 15:00:00,Mon,FUZZY LOGIC - THEORY AND APPLICATIONS,30/12/1899 17:00:00,Lect,"2,3,4,5,6,8,9,10,11"
12,13,,,,,,,,,13093,U21284,30/12/1899 15:00:00,Mon,FUZZY LOGIC - THEORY AND APPLICATIONS,30/12/1899 17:00:00,Pract,"12,13"
14,15,16,17,18,19,,,,,13094,U21284,30/12/1899 15:00:00,Mon,FUZZY LOGIC - THEORY AND APPLICATIONS,30/12/1899 17:00:00,Lect,"14,15,16,17,18,19"
21,22,23,25,26,,,,,,13095,U21284,30/12/1899 15:00:00,Mon,FUZZY LOGIC - THEORY AND APPLICATIONS,30/12/1899 17:00:00,Pract,"21,22,23,25,26"
2,4,6,9,11,13,,,,,13096,U21272,30/12/1899 15:00:00,Mon,GETTING USABILITY INTO DEVELOPMENT ENVIRONMENTS,30/12/1899 17:00:00,Lect,"2,4,6,9,11,13"
15,17,19,22,24,26,,,,,13097,U21272,30/12/1899 15:00:00,Mon,GETTING USABILITY INTO DEVELOPMENT ENVIRONMENTS,30/12/1899 17:00:00,Lect,"15,17,19,22,24,26"
2,,,,,,,,,,13098,U24123,30/12/1899 09:00:00,Thu,GROUP INDUSTRIAL PROJECT,30/12/1899 12:55:00,Work,2
3,4,5,,,,,,,,13099,U24123,30/12/1899 09:00:00,Thu,GROUP INDUSTRIAL PROJECT,30/12/1899 11:00:00,Work,"3,4,5"
6,8,9,10,11,12,13,,,,13100,U24123,30/12/1899 09:00:00,Thu,GROUP INDUSTRIAL PROJECT,30/12/1899 10:00:00,Tut,"6,8,9,10,11,12,13"
14,15,16,17,18,19,21,22,23,24,13101,U24123,30/12/1899 09:00:00,Thu,GROUP INDUSTRIAL PROJECT,30/12/1899 10:00:00,Tut,"14,15,16,17,18,19,21,22,23,24,25,26"
2,4,6,9,11,13,,,,,13102,U21285,30/12/1899 09:00:00,Tue,HUMAN COMPUTER INTERACTION DESIGN,30/12/1899 11:00:00,Lect,"2,4,6,9,11,13"
3,,,,,,,,,,13103,U21285,30/12/1899 10:00:00,Fri,HUMAN COMPUTER INTERACTION DESIGN,30/12/1899 11:00:00,Pract,3
3,8,,,,,,,,,13104,U21285,30/12/1899 09:00:00,Mon,HUMAN COMPUTER INTERACTION DESIGN,30/12/1899 10:00:00,Pract,"3,8"
5,,,,,,,,,,13105,U21285,30/12/1899 09:00:00,Thu,HUMAN COMPUTER INTERACTION DESIGN,30/12/1899 11:00:00,Pract,5
8,,,,,,,,,,13106,U21285,30/12/1899 11:00:00,Fri,HUMAN COMPUTER INTERACTION DESIGN,30/12/1899 12:00:00,Pract,8
10,12,,,,,,,,,13107,U21285,30/12/1899 09:00:00,Tue,HUMAN COMPUTER INTERACTION DESIGN,30/12/1899 11:00:00,Pract,"10,12"
14,16,18,21,23,25,,,,,13108,U21285,30/12/1899 09:00:00,Tue,HUMAN COMPUTER INTERACTION DESIGN,30/12/1899 11:00:00,Pract,"14,16,18,21,23,25"
15,17,19,22,24,26,,,,,13109,U21285,30/12/1899 09:00:00,Tue,HUMAN COMPUTER INTERACTION DESIGN,30/12/1899 11:00:00,Lect,"15,17,19,22,24,26"
2,3,4,5,6,8,9,10,11,12,13110,P22919,30/12/1899 09:00:00,Fri,ICT CONFIGURATION AND ADMINISTRATION,30/12/1899 10:00:00,Comp,"2,3,4,5,6,8,9,10,11,12,13"
2,3,4,5,6,8,9,10,11,12,13111,P22919,30/12/1899 10:00:00,Fri,ICT CONFIGURATION AND ADMINISTRATION,30/12/1899 13:00:00,Comp,"2,3,4,5,6,8,9,10,11,12,13"
14,,,,,,,,,,13112,P22919,30/12/1899 15:00:00,Fri,ICT CONFIGURATION AND ADMINISTRATION,30/12/1899 17:00:00,Test-IC,14
4,5,,,,,,,,,13113,U24739,30/12/1899 09:00:00,Fri,INDIVIDUAL PROJECT (ENGINEERING),30/12/1899 10:00:00,Lect,"4,5"
2,3,4,5,6,8,9,10,11,12,13114,U22342,30/12/1899 12:00:00,Thu,INFORMATION SYSTEMS AND PROJECT MANAGEMENT,30/12/1899 13:00:00,Lect,"2,3,4,5,6,8,9,10,11,12,13"
2,3,4,5,6,8,9,10,11,12,13297,U21264,30/12/1899 12:00:00,Fri,WEB-SCRIPT PROGRAMMING,30/12/1899 13:00:00,Lect,"2,3,4,5,6,8,9,10,11,12,13"
14,15,16,17,18,19,21,22,23,24,13115,U22342,30/12/1899 12:00:00,Thu,INFORMATION SYSTEMS AND PROJECT MANAGEMENT,30/12/1899 13:00:00,Lect,"14,15,16,17,18,19,21,22,23,24,25,26"
14,15,16,17,18,19,,,,,13116,P22242,30/12/1899 09:00:00,Mon,INFORMATION SYSTEMS DEVELOPMENT,30/12/1899 12:58:00,Pract,"14,15,16,17,18,19"
21,22,23,25,26,,,,,,13117,P22242,30/12/1899 09:00:00,Mon,INFORMATION SYSTEMS DEVELOPMENT,30/12/1899 11:00:00,Pract,"21,22,23,25,26"
21,22,23,25,27,,,,,,13118,P22242,30/12/1899 11:00:00,Mon,INFORMATION SYSTEMS DEVELOPMENT,30/12/1899 13:00:00,Pract,"21,22,23,25,27"
26,,,,,,,,,,13119,P22242,30/12/1899 09:00:00,Fri,INFORMATION SYSTEMS DEVELOPMENT,30/12/1899 12:55:00,Work,26
26,,,,,,,,,,13120,P22242,30/12/1899 13:00:00,Fri,INFORMATION SYSTEMS DEVELOPMENT,30/12/1899 17:00:00,Work,26
14,,,,,,,,,,13121,P22437,30/12/1899 16:00:00,Mon,INFORMATION SYSTEMS MANAGEMENT,30/12/1899 18:00:00,Pract,14
14,15,16,17,18,19,,,,,13122,P22437,30/12/1899 14:00:00,Mon,INFORMATION SYSTEMS MANAGEMENT,30/12/1899 16:00:00,Lect,"14,15,16,17,18,19"
15,16,17,18,19,,,,,,13123,P22437,30/12/1899 16:00:00,Mon,INFORMATION SYSTEMS MANAGEMENT,30/12/1899 18:00:00,Sem,"15,16,17,18,19"
21,22,23,25,26,,,,,,13124,P22437,30/12/1899 14:00:00,Mon,INFORMATION SYSTEMS MANAGEMENT,30/12/1899 16:00:00,Lect,"21,22,23,25,26"
21,22,23,25,27,,,,,,13125,P22437,30/12/1899 16:00:00,Mon,INFORMATION SYSTEMS MANAGEMENT,30/12/1899 18:00:00,Sem,"21,22,23,25,27"
17,,,,,,,,,,13126,P22437,30/12/1899 09:00:00,Fri,INFORMATION SYSTEMS MANAGEMENT,30/12/1899 12:55:00,Work,17
17,,,,,,,,,,13127,P22437,30/12/1899 13:00:00,Fri,INFORMATION SYSTEMS MANAGEMENT,30/12/1899 17:00:00,Work,17
14,15,16,17,18,19,21,22,23,24,13128,U22510,30/12/1899 16:00:00,Wed,INFORMATION SYSTEMS MANAGEMENT (DL),30/12/1899 19:00:00,DL,"14,15,16,17,18,19,21,22,23,24,25,26"
2,5,9,11,12,,,,,,13129,P22436,30/12/1899 09:00:00,Mon,INTERACTION IN COMPUTER SYSTEMS,30/12/1899 13:00:00,Lect,"2,5,9,11,12"
3,4,6,8,10,13,,,,,13130,P22436,30/12/1899 09:00:00,Mon,INTERACTION IN COMPUTER SYSTEMS,30/12/1899 11:00:00,Lect,"3,4,6,8,10,13"
6,,,,,,,,,,13131,P22436,30/12/1899 09:00:00,Fri,INTERACTION IN COMPUTER SYSTEMS,30/12/1899 12:55:00,Work,6
6,,,,,,,,,,13132,P22436,30/12/1899 13:00:00,Fri,INTERACTION IN COMPUTER SYSTEMS,30/12/1899 17:00:00,Work,6
12,,,,,,,,,,13133,P22436,30/12/1899 09:00:00,Fri,INTERACTION IN COMPUTER SYSTEMS,30/12/1899 12:55:00,Work,12
12,,,,,,,,,,13134,P22436,30/12/1899 13:00:00,Fri,INTERACTION IN COMPUTER SYSTEMS,30/12/1899 17:00:00,Work,12
2,3,4,5,6,8,9,10,11,12,13135,U25765,30/12/1899 11:00:00,Tue,INTRODUCTION TO COMPUTER ESSENTIALS,30/12/1899 12:00:00,Lect,"2,3,4,5,6,8,9,10,11,12,13"
14,15,16,17,18,19,21,22,23,24,13136,U25765,30/12/1899 11:00:00,Tue,INTRODUCTION TO COMPUTER ESSENTIALS,30/12/1899 12:00:00,Lect,"14,15,16,17,18,19,21,22,23,24,25,26"
2,3,4,5,6,8,9,10,11,12,13137,U21259,30/12/1899 12:00:00,Fri,INTRODUCTION TO DATABASE DESIGN AND DEVELOPMENT,30/12/1899 13:00:00,Lect,"2,3,4,5,6,8,9,10,11,12,13"
14,15,16,17,18,19,21,22,23,24,13138,U21259,30/12/1899 12:00:00,Fri,INTRODUCTION TO DATABASE DESIGN AND DEVELOPMENT,30/12/1899 13:00:00,Lect,"14,15,16,17,18,19,21,22,23,24,25,26"
2,3,4,5,,,,,,,13139,U21261,30/12/1899 17:00:00,Tue,INTRODUCTION TO PROGRAMMING,30/12/1899 18:00:00,Drop-In,"2,3,4,5"
3,5,9,11,,,,,,,13140,U21261,30/12/1899 09:00:00,Mon,INTRODUCTION TO PROGRAMMING,30/12/1899 10:00:00,Drop-In,"3,5,9,11"
7,,,,,,,,,,13141,U21261,30/12/1899 11:00:00,Mon,INTRODUCTION TO PROGRAMMING,30/12/1899 13:00:00,Drop-In,7
14,15,16,17,,,,,,,13142,U21261,30/12/1899 17:00:00,Tue,INTRODUCTION TO PROGRAMMING,30/12/1899 18:00:00,Drop-In,"14,15,16,17"
14,15,16,17,18,19,21,22,23,,13143,U21261,30/12/1899 10:00:00,Wed,INTRODUCTION TO PROGRAMMING,30/12/1899 11:00:00,Lect,"14,15,16,17,18,19,21,22,23"
14,15,16,17,18,19,21,22,24,,13144,U21261,30/12/1899 10:00:00,Fri,INTRODUCTION TO PROGRAMMING,30/12/1899 11:00:00,Lect,"14,15,16,17,18,19,21,22,24"
15,17,19,22,,,,,,,13145,U21261,30/12/1899 09:00:00,Mon,INTRODUCTION TO PROGRAMMING,30/12/1899 10:00:00,Drop-In,"15,17,19,22"
20,,,,,,,,,,13146,U21261,30/12/1899 11:00:00,Mon,INTRODUCTION TO PROGRAMMING,30/12/1899 13:00:00,Drop-In,20
8,9,10,11,12,13,,,,,13147,U26107,30/12/1899 13:00:00,Mon,LEARNING FROM EXPERIENCE TEACHING PLACEMENT,30/12/1899 15:00:00,Place,"8,9,10,11,12,13"
15,16,17,19,,,,,,,13148,U26107,30/12/1899 09:00:00,Mon,LEARNING FROM EXPERIENCE TEACHING PLACEMENT,30/12/1899 12:55:00,Place,"15,16,17,19"
15,16,17,20,,,,,,,13149,U26107,30/12/1899 13:00:00,Mon,LEARNING FROM EXPERIENCE TEACHING PLACEMENT,30/12/1899 15:00:00,Place,"15,16,17,20"
21,22,23,,,,,,,,13150,U26107,30/12/1899 09:00:00,Mon,LEARNING FROM EXPERIENCE TEACHING PLACEMENT,30/12/1899 12:55:00,Prest,"21,22,23"
2,3,4,5,6,8,9,10,11,12,13151,U26306,30/12/1899 09:00:00,Tue,LIFE COMPUTING ? FOR TIMETABLING PURPOSES ONLY,30/12/1899 13:00:00,Place,"2,3,4,5,6,8,9,10,11,12,13"
2,3,4,5,6,8,9,10,11,12,13152,U26306,30/12/1899 13:05:00,Tue,LIFE COMPUTING ? FOR TIMETABLING PURPOSES ONLY,30/12/1899 17:00:00,Place,"2,3,4,5,6,8,9,10,11,12,13"
2,3,4,5,6,8,9,10,11,12,13153,U26306,30/12/1899 17:05:00,Tue,LIFE COMPUTING ? FOR TIMETABLING PURPOSES ONLY,30/12/1899 20:00:00,Place,"2,3,4,5,6,8,9,10,11,12,13"
14,15,16,17,18,19,21,22,23,24,13154,U26306,30/12/1899 09:00:00,Tue,LIFE COMPUTING ? FOR TIMETABLING PURPOSES ONLY,30/12/1899 13:00:00,Place,"14,15,16,17,18,19,21,22,23,24,25,26"
14,15,16,17,18,19,21,22,23,24,13155,U26306,30/12/1899 13:05:00,Tue,LIFE COMPUTING ? FOR TIMETABLING PURPOSES ONLY,30/12/1899 16:55:00,Place,"14,15,16,17,18,19,21,22,23,24,25,26"
14,15,16,17,18,19,21,22,23,24,13156,U26306,30/12/1899 17:00:00,Tue,LIFE COMPUTING ? FOR TIMETABLING PURPOSES ONLY,30/12/1899 19:45:00,Place,"14,15,16,17,18,19,21,22,23,24,25,26"
2,3,4,5,6,8,9,10,11,12,13157,U23524,30/12/1899 10:00:00,Wed,MALWARE FORENSICS,30/12/1899 11:00:00,Lect,"2,3,4,5,6,8,9,10,11,12,13"
2,3,4,5,6,8,9,10,11,12,13158,U23524,30/12/1899 11:00:00,Wed,MALWARE FORENSICS,30/12/1899 13:00:00,Pract,"2,3,4,5,6,8,9,10,11,12,13"
15,,,,,,,,,,13159,U23508,30/12/1899 09:30:00,Fri,MOBILE FORENSICS: ISSUE AND PRACTICE,30/12/1899 12:55:00,Pract,15
15,,,,,,,,,,13160,U23508,30/12/1899 13:00:00,Fri,MOBILE FORENSICS: ISSUE AND PRACTICE,30/12/1899 16:30:00,Pract,15
17,,,,,,,,,,13161,U23508,30/12/1899 09:30:00,Fri,MOBILE FORENSICS: ISSUE AND PRACTICE,30/12/1899 12:55:00,Pract,17
17,,,,,,,,,,13162,U23508,30/12/1899 13:00:00,Fri,MOBILE FORENSICS: ISSUE AND PRACTICE,30/12/1899 16:30:00,Pract,17
19,,,,,,,,,,13163,U23508,30/12/1899 09:30:00,Fri,MOBILE FORENSICS: ISSUE AND PRACTICE,30/12/1899 12:55:00,Pract,19
19,,,,,,,,,,13164,U23508,30/12/1899 13:00:00,Fri,MOBILE FORENSICS: ISSUE AND PRACTICE,30/12/1899 16:30:00,Pract,19
21,,,,,,,,,,13165,U23508,30/12/1899 09:30:00,Fri,MOBILE FORENSICS: ISSUE AND PRACTICE,30/12/1899 12:55:00,Pract,21
21,,,,,,,,,,13166,U23508,30/12/1899 13:00:00,Fri,MOBILE FORENSICS: ISSUE AND PRACTICE,30/12/1899 16:30:00,Pract,21
23,,,,,,,,,,13167,U23508,30/12/1899 09:30:00,Fri,MOBILE FORENSICS: ISSUE AND PRACTICE,30/12/1899 12:55:00,Pract,23
23,,,,,,,,,,13168,U23508,30/12/1899 13:00:00,Fri,MOBILE FORENSICS: ISSUE AND PRACTICE,30/12/1899 16:30:00,Pract,23
26,,,,,,,,,,13169,U23508,30/12/1899 09:30:00,Fri,MOBILE FORENSICS: ISSUE AND PRACTICE,30/12/1899 12:55:00,Pract,26
26,,,,,,,,,,13170,U23508,30/12/1899 13:00:00,Fri,MOBILE FORENSICS: ISSUE AND PRACTICE,30/12/1899 16:30:00,Pract,26
2,3,4,5,6,8,9,10,11,12,13171,P23530,30/12/1899 09:00:00,Wed,NETWORK DESIGN,30/12/1899 10:00:00,Lect,"2,3,4,5,6,8,9,10,11,12,13"
3,4,5,6,8,9,10,11,12,13,13172,P23530,30/12/1899 12:00:00,Wed,NETWORK DESIGN,30/12/1899 13:00:00,PBL,"3,4,5,6,8,9,10,11,12,13"
14,15,16,17,18,19,21,22,23,24,13173,P23530,30/12/1899 09:00:00,Wed,NETWORK DESIGN,30/12/1899 10:00:00,Lect,"14,15,16,17,18,19,21,22,23,24"
14,15,16,17,18,19,21,22,23,24,13174,P23530,30/12/1899 12:00:00,Wed,NETWORK DESIGN,30/12/1899 13:00:00,PBL,"14,15,16,17,18,19,21,22,23,24"
26,,,,,,,,,,13175,P23530,30/12/1899 09:00:00,Wed,NETWORK DESIGN,30/12/1899 10:00:00,Tut,26
14,15,16,17,18,19,21,22,23,24,13176,P21432,30/12/1899 15:00:00,Mon,NETWORK DESIGN AND MANAGEMENT,30/12/1899 17:00:00,Lect,"14,15,16,17,18,19,21,22,23,24,25,26"
14,15,16,17,18,19,21,22,23,24,13177,P21432,30/12/1899 12:00:00,Wed,NETWORK DESIGN AND MANAGEMENT,30/12/1899 13:00:00,Lect,"14,15,16,17,18,19,21,22,23,24,25,26"
15,17,19,22,24,26,,,,,13178,P21432,30/12/1899 12:00:00,Mon,NETWORK DESIGN AND MANAGEMENT,30/12/1899 13:00:00,Tut,"15,17,19,22,24,26"
19,,,,,,,,,,13179,P21432,30/12/1899 09:00:00,Thu,NETWORK DESIGN AND MANAGEMENT,30/12/1899 12:00:00,Lab,19
23,,,,,,,,,,13180,P21432,30/12/1899 09:00:00,Thu,NETWORK DESIGN AND MANAGEMENT,30/12/1899 12:00:00,Lab,23
14,15,16,17,18,19,21,22,23,24,13181,U21262,30/12/1899 09:00:00,Thu,NETWORK FUNDAMENTALS,30/12/1899 10:00:00,Lect,"14,15,16,17,18,19,21,22,23,24,25,26"
2,3,4,5,6,,,,,,13182,U21406,30/12/1899 09:00:00,Mon,NETWORK OPERATIONS AND MANAGEMENT,30/12/1899 10:00:00,Lect,"2,3,4,5,6"
8,9,10,11,12,13,,,,,13183,U21406,30/12/1899 09:00:00,Mon,NETWORK OPERATIONS AND MANAGEMENT,30/12/1899 12:00:00,Comp,"8,9,10,11,12,13"
14,15,16,17,18,,,,,,13184,U21406,30/12/1899 09:00:00,Mon,NETWORK OPERATIONS AND MANAGEMENT,30/12/1899 10:00:00,Lect,"14,15,16,17,18"
19,21,22,23,25,26,,,,,13185,U21406,30/12/1899 09:00:00,Mon,NETWORK OPERATIONS AND MANAGEMENT,30/12/1899 12:00:00,Comp,"19,21,22,23,25,26"
2,3,4,5,8,9,10,11,,,13186,P24928,30/12/1899 16:00:00,Tue,NETWORK PROTOCOLS,30/12/1899 18:00:00,Lect,"2,3,4,5,8,9,10,11"
9,10,,,,,,,,,13187,P24928,30/12/1899 11:00:00,Mon,NETWORK PROTOCOLS,30/12/1899 13:00:00,Comp,"9,10"
13,14,,,,,,,,,13188,P24928,30/12/1899 15:00:00,Thu,NETWORK PROTOCOLS,30/12/1899 17:00:00,Drop-In,"13,14"
15,16,17,19,21,22,23,,,,13189,P24928,30/12/1899 16:00:00,Tue,NETWORK PROTOCOLS,30/12/1899 17:00:00,Lect,"15,16,17,19,21,22,23"
16,17,18,19,21,22,23,,,,13190,P24928,30/12/1899 17:00:00,Thu,NETWORK PROTOCOLS,30/12/1899 18:00:00,Lect,"16,17,18,19,21,22,23"
19,,,,,,,,,,13191,P24928,30/12/1899 14:00:00,Tue,NETWORK PROTOCOLS,30/12/1899 16:00:00,Tut,19
21,,,,,,,,,,13192,P24928,30/12/1899 15:00:00,Thu,NETWORK PROTOCOLS,30/12/1899 17:00:00,Comp,21
25,,,,,,,,,,13193,P24928,30/12/1899 16:00:00,Tue,NETWORK PROTOCOLS,30/12/1899 17:00:00,Lect,25
2,,,,,,,,,,13194,P21396,30/12/1899 13:00:00,Fri,NETWORK ROUTING ARCHITECTURES,30/12/1899 16:00:00,Tut,2
3,,,,,,,,,,13195,P21396,30/12/1899 13:00:00,Fri,NETWORK ROUTING ARCHITECTURES,30/12/1899 16:00:00,Tut,3
4,5,6,8,9,10,11,12,13,,13196,P21396,30/12/1899 13:00:00,Fri,NETWORK ROUTING ARCHITECTURES,30/12/1899 16:00:00,Comp,"4,5,6,8,9,10,11,12,13"
14,,,,,,,,,,13197,P21396,30/12/1899 15:00:00,Fri,NETWORK ROUTING ARCHITECTURES,30/12/1899 17:00:00,Tut,14
15,16,17,18,21,22,23,,,,13198,P21396,30/12/1899 13:00:00,Fri,NETWORK ROUTING ARCHITECTURES,30/12/1899 16:00:00,Comp,"15,16,17,18,21,22,23"
25,,,,,,,,,,13199,P21396,30/12/1899 13:00:00,Fri,NETWORK ROUTING ARCHITECTURES,30/12/1899 14:00:00,Tut,25
2,,,,,,,,,,13200,U24342,30/12/1899 15:00:00,Mon,NETWORK SERVICES ADMINISTRATION AND VIRTUALISATION,30/12/1899 16:00:00,Lect,2
14,,,,,,,,,,13201,U24342,30/12/1899 15:00:00,Mon,NETWORK SERVICES ADMINISTRATION AND VIRTUALISATION,30/12/1899 16:00:00,Lect,14
25,,,,,,,,,,13202,U24342,30/12/1899 15:00:00,Mon,NETWORK SERVICES ADMINISTRATION AND VIRTUALISATION,30/12/1899 16:00:00,Tut,25
3,4,5,6,8,9,10,11,12,13,13203,P23531,30/12/1899 16:00:00,Mon,NETWORK SIMULATION AND TRAFFIC MANAGEMENT,30/12/1899 18:00:00,PBL,"3,4,5,6,8,9,10,11,12,13"
14,15,16,17,18,19,21,22,23,,13204,P23531,30/12/1899 16:00:00,Mon,NETWORK SIMULATION AND TRAFFIC MANAGEMENT,30/12/1899 18:00:00,PBL,"14,15,16,17,18,19,21,22,23"
14,15,16,17,18,19,21,22,24,,13205,P23531,30/12/1899 17:00:00,Tue,NETWORK SIMULATION AND TRAFFIC MANAGEMENT,30/12/1899 18:00:00,Drop-In,"14,15,16,17,18,19,21,22,24"
25,,,,,,,,,,13206,P23531,30/12/1899 17:00:00,Tue,NETWORK SIMULATION AND TRAFFIC MANAGEMENT,30/12/1899 18:00:00,Tut,25
2,3,4,5,6,8,9,10,11,12,13207,U25352,30/12/1899 12:00:00,Wed,NEURAL NETWORKS AND GENETIC ALGORITHMS,30/12/1899 13:00:00,Lect,"2,3,4,5,6,8,9,10,11,12,13"
14,15,16,17,18,19,21,22,23,24,13208,U25352,30/12/1899 12:00:00,Wed,NEURAL NETWORKS AND GENETIC ALGORITHMS,30/12/1899 13:00:00,Lect,"14,15,16,17,18,19,21,22,23,24,25,26"
2,3,4,5,6,8,9,10,11,12,13209,P23485,30/12/1899 09:00:00,Fri,PERVASIVE NETWORK APPLICATIONS,30/12/1899 10:00:00,Lect,"2,3,4,5,6,8,9,10,11,12,13"
5,6,8,9,10,11,12,13,,,13210,P23485,30/12/1899 11:00:00,Tue,PERVASIVE NETWORK APPLICATIONS,30/12/1899 13:00:00,Comp,"5,6,8,9,10,11,12,13"
14,15,16,17,18,19,21,22,23,24,13211,P23485,30/12/1899 09:00:00,Fri,PERVASIVE NETWORK APPLICATIONS,30/12/1899 10:00:00,Lect,"14,15,16,17,18,19,21,22,23,24,25,26"
17,18,19,21,22,23,26,,,,13212,P23485,30/12/1899 11:00:00,Tue,PERVASIVE NETWORK APPLICATIONS,30/12/1899 13:00:00,Comp,"17,18,19,21,22,23,26"
25,,,,,,,,,,13213,P23485,30/12/1899 11:00:00,Tue,PERVASIVE NETWORK APPLICATIONS,30/12/1899 13:00:00,Comp,25
2,3,4,5,6,8,9,10,11,12,13214,U25764,30/12/1899 13:00:00,Tue,PRACTICAL DATA ANALYTICS AND MINING,30/12/1899 15:00:00,Pract,"2,3,4,5,6,8,9,10,11,12,13"
14,15,16,17,18,19,21,22,23,24,13215,U25764,30/12/1899 13:00:00,Tue,PRACTICAL DATA ANALYTICS AND MINING,30/12/1899 15:00:00,Pract,"14,15,16,17,18,19,21,22,23,24,25,26"
2,,,,,,,,,,13216,U26483,30/12/1899 15:00:00,Fri,PRACTICAL DATA SCIENCE,30/12/1899 17:00:00,Lect,2
2,3,4,5,6,8,9,10,11,12,13217,U26483,30/12/1899 13:00:00,Tue,PRACTICAL DATA SCIENCE,30/12/1899 15:00:00,Pract,"2,3,4,5,6,8,9,10,11,12,13"
3,4,5,6,8,9,10,11,12,13,13218,U26483,30/12/1899 15:00:00,Fri,PRACTICAL DATA SCIENCE,30/12/1899 17:00:00,Lect,"3,4,5,6,8,9,10,11,12,13"
14,15,16,17,18,19,21,22,23,24,13219,U26483,30/12/1899 13:00:00,Tue,PRACTICAL DATA SCIENCE,30/12/1899 15:00:00,Pract,"14,15,16,17,18,19,21,22,23,24,25,26"
14,15,16,17,18,19,21,22,23,24,13220,U26483,30/12/1899 15:00:00,Fri,PRACTICAL DATA SCIENCE,30/12/1899 17:00:00,Lect,"14,15,16,17,18,19,21,22,23,24,25,26"
2,3,4,5,6,8,9,10,11,12,13221,U22507,30/12/1899 14:00:00,Thu,PROFESSIONAL AND ACADEMIC RESEARCH DEVELOPMENT,30/12/1899 15:00:00,Lect,"2,3,4,5,6,8,9,10,11,12,13"
2,3,4,5,6,8,9,10,11,12,13222,U22507,30/12/1899 15:00:00,Thu,PROFESSIONAL AND ACADEMIC RESEARCH DEVELOPMENT,30/12/1899 16:00:00,Sem,"2,3,4,5,6,8,9,10,11,12,13"
14,15,16,17,18,19,21,22,23,24,13223,U22507,30/12/1899 14:00:00,Thu,PROFESSIONAL AND ACADEMIC RESEARCH DEVELOPMENT,30/12/1899 15:00:00,Lect,"14,15,16,17,18,19,21,22,23,24,25,26"
14,15,16,17,18,19,21,22,23,24,13224,U22507,30/12/1899 15:00:00,Thu,PROFESSIONAL AND ACADEMIC RESEARCH DEVELOPMENT,30/12/1899 16:00:00,Sem,"14,15,16,17,18,19,21,22,23,24,25,26"
2,3,4,5,6,8,9,10,11,12,13225,U22376,30/12/1899 13:00:00,Wed,PROJECT MANAGEMENT (DL),30/12/1899 16:00:00,DL,"2,3,4,5,6,8,9,10,11,12,13"
2,4,6,8,10,12,,,,,13226,U22358,30/12/1899 16:00:00,Thu,PROJECT MANAGEMENT FOR INFORMATION SYSTEMS,30/12/1899 17:00:00,Lect,"2,4,6,8,10,12"
3,5,9,11,13,,,,,,13227,U22358,30/12/1899 16:00:00,Thu,PROJECT MANAGEMENT FOR INFORMATION SYSTEMS,30/12/1899 18:00:00,Sem,"3,5,9,11,13"
14,16,18,21,23,25,,,,,13228,U22358,30/12/1899 16:00:00,Thu,PROJECT MANAGEMENT FOR INFORMATION SYSTEMS,30/12/1899 17:00:00,Lect,"14,16,18,21,23,25"
15,17,19,22,24,26,,,,,13229,U22358,30/12/1899 16:00:00,Thu,PROJECT MANAGEMENT FOR INFORMATION SYSTEMS,30/12/1899 18:00:00,Sem,"15,17,19,22,24,26"
14,15,16,17,18,19,21,22,23,25,13230,U21288,30/12/1899 16:00:00,Fri,RELIABLE AND SECURE SYSTEMS,30/12/1899 17:00:00,Pract,"14,15,16,17,18,19,21,22,23,25,26"
14,15,16,17,18,19,21,22,23,24,13231,U21288,30/12/1899 15:00:00,Fri,RELIABLE AND SECURE SYSTEMS,30/12/1899 16:00:00,Lect,"14,15,16,17,18,19,21,22,23,24,25,26"
26,,,,,,,,,,13232,U21288,30/12/1899 16:00:00,Fri,RELIABLE AND SECURE SYSTEMS,30/12/1899 17:00:00,Pract,26
2,3,4,5,6,8,9,10,11,12,13233,U24452,30/12/1899 09:00:00,Thu,RESEARCH INTERNAL PLACEMENT,30/12/1899 10:00:00,Lect,"2,3,4,5,6,8,9,10,11,12,13"
14,15,16,17,18,19,21,22,23,24,13234,U24452,30/12/1899 09:00:00,Thu,RESEARCH INTERNAL PLACEMENT,30/12/1899 10:00:00,Lect,"14,15,16,17,18,19,21,22,23,24,25,26"
2,3,4,5,6,8,9,10,11,12,13235,U25537,30/12/1899 16:00:00,Wed,RESEARCH INTERNAL PLACEMENT (DL),30/12/1899 17:00:00,DL,"2,3,4,5,6,8,9,10,11,12,13"
14,15,16,17,18,19,21,22,23,24,13236,U25537,30/12/1899 16:00:00,Wed,RESEARCH INTERNAL PLACEMENT (DL),30/12/1899 17:00:00,DL,"14,15,16,17,18,19,21,22,23,24,25,26"
2,3,4,5,6,8,9,10,11,12,13237,U24453,30/12/1899 10:00:00,Thu,RESEARCH PREPARATION AND DEVELOPMENT,30/12/1899 11:00:00,Lect,"2,3,4,5,6,8,9,10,11,12,13"
14,15,16,17,18,19,21,22,23,24,13238,U24453,30/12/1899 10:00:00,Thu,RESEARCH PREPARATION AND DEVELOPMENT,30/12/1899 11:00:00,Lect,"14,15,16,17,18,19,21,22,23,24,25,26"
2,3,4,5,6,8,9,10,11,12,13239,U25536,30/12/1899 17:00:00,Wed,RESEARCH PREPARATION AND DEVELOPMENT (DL),30/12/1899 18:00:00,DL,"2,3,4,5,6,8,9,10,11,12,13"
14,15,16,17,18,19,21,22,23,24,13240,U25536,30/12/1899 17:00:00,Wed,RESEARCH PREPARATION AND DEVELOPMENT (DL),30/12/1899 18:00:00,DL,"14,15,16,17,18,19,21,22,23,24,25,26"
2,3,4,5,6,8,9,10,11,12,13241,U24451,30/12/1899 11:00:00,Thu,RESEARCH PROJECT,30/12/1899 12:00:00,Lect,"2,3,4,5,6,8,9,10,11,12,13"
14,15,16,17,18,19,21,22,23,24,13242,U24451,30/12/1899 11:00:00,Thu,RESEARCH PROJECT,30/12/1899 12:00:00,Lect,"14,15,16,17,18,19,21,22,23,24,25,26"
2,3,4,5,6,8,9,10,11,12,13243,U25535,30/12/1899 15:00:00,Wed,RESEARCH PROJECT (DL),30/12/1899 16:00:00,DL,"2,3,4,5,6,8,9,10,11,12,13"
14,15,16,17,18,19,21,22,23,24,13244,U25535,30/12/1899 15:00:00,Wed,RESEARCH PROJECT (DL),30/12/1899 16:00:00,DL,"14,15,16,17,18,19,21,22,23,24,25,26"
2,3,4,5,6,8,9,10,11,12,13245,P24927,30/12/1899 15:00:00,Mon,SCIENTIFIC PRINCIPLES FOR ICT,30/12/1899 17:00:00,Lect,"2,3,4,5,6,8,9,10,11,12,13"
3,4,5,8,9,10,11,12,13,,13246,P24927,30/12/1899 10:00:00,Tue,SCIENTIFIC PRINCIPLES FOR ICT,30/12/1899 11:00:00,PBL,"3,4,5,8,9,10,11,12,13"
7,,,,,,,,,,13247,P24927,30/12/1899 10:00:00,Tue,SCIENTIFIC PRINCIPLES FOR ICT,30/12/1899 12:00:00,Tut,7
7,,,,,,,,,,13248,P24927,30/12/1899 11:00:00,Wed,SCIENTIFIC PRINCIPLES FOR ICT,30/12/1899 12:00:00,Test-IC,7
14,,,,,,,,,,13249,P24927,30/12/1899 11:00:00,Wed,SCIENTIFIC PRINCIPLES FOR ICT,30/12/1899 12:00:00,Test-IC,14
14,15,16,17,18,19,21,22,23,24,13250,P24927,30/12/1899 15:00:00,Mon,SCIENTIFIC PRINCIPLES FOR ICT,30/12/1899 17:00:00,Lect,"14,15,16,17,18,19,21,22,23,24,25,26"
14,15,16,17,18,19,21,22,23,24,13251,P24927,30/12/1899 10:00:00,Tue,SCIENTIFIC PRINCIPLES FOR ICT,30/12/1899 11:00:00,PBL,"14,15,16,17,18,19,21,22,23,24,26"
20,,,,,,,,,,13252,P24927,30/12/1899 11:00:00,Wed,SCIENTIFIC PRINCIPLES FOR ICT,30/12/1899 12:00:00,Test-IC,20
25,,,,,,,,,,13253,P24927,30/12/1899 10:00:00,Tue,SCIENTIFIC PRINCIPLES FOR ICT,30/12/1899 11:00:00,PBL,25
2,3,4,5,6,8,9,10,11,12,13254,U22359,30/12/1899 13:00:00,Fri,SECURITY AND CRYPTOGRAPHY,30/12/1899 15:00:00,Pract,"2,3,4,5,6,8,9,10,11,12,13"
14,15,16,17,18,19,21,22,23,24,13255,U22359,30/12/1899 11:00:00,Tue,SECURITY AND CRYPTOGRAPHY,30/12/1899 11:55:00,Lect,"14,15,16,17,18,19,21,22,23,24,25,26"
14,15,16,17,18,19,21,22,23,24,13256,U22359,30/12/1899 12:00:00,Tue,SECURITY AND CRYPTOGRAPHY,30/12/1899 13:00:00,Drop-In,"14,15,16,17,18,19,21,22,23,24,25,26"
2,3,4,5,6,8,9,10,11,12,13257,U25160,30/12/1899 12:00:00,Wed,SECURITY MANAGEMENT,30/12/1899 13:00:00,Lect,"2,3,4,5,6,8,9,10,11,12,13"
14,15,16,17,18,19,21,22,23,24,13258,U25160,30/12/1899 12:00:00,Wed,SECURITY MANAGEMENT,30/12/1899 13:00:00,Lect,"14,15,16,17,18,19,21,22,23,24,25,26"
2,3,4,5,6,8,9,10,11,12,13259,U22349,30/12/1899 09:00:00,Tue,SOCIAL AND LEGAL ASPECTS OF COMPUTING,30/12/1899 11:00:00,Sem,"2,3,4,5,6,8,9,10,11,12,13"
14,15,16,17,18,19,21,22,23,24,13260,U22349,30/12/1899 09:00:00,Tue,SOCIAL AND LEGAL ASPECTS OF COMPUTING,30/12/1899 11:00:00,Sem,"14,15,16,17,18,19,21,22,23,24,25,26"
2,3,,,,,,,,,13261,P21394,30/12/1899 09:00:00,Thu,SWITCHED NETWORK ARCHITECTURES,30/12/1899 12:00:00,Tut,"2,3"
4,5,6,8,9,10,11,12,13,,13262,P21394,30/12/1899 09:00:00,Thu,SWITCHED NETWORK ARCHITECTURES,30/12/1899 12:00:00,Comp,"4,5,6,8,9,10,11,12,13"
14,,,,,,,,,,13263,P21394,30/12/1899 10:00:00,Thu,SWITCHED NETWORK ARCHITECTURES,30/12/1899 13:00:00,Tut,14
15,16,17,18,22,23,,,,,13264,P21394,30/12/1899 09:00:00,Thu,SWITCHED NETWORK ARCHITECTURES,30/12/1899 12:00:00,Comp,"15,16,17,18,22,23"
21,,,,,,,,,,13265,P21394,30/12/1899 09:00:00,Thu,SWITCHED NETWORK ARCHITECTURES,30/12/1899 12:00:00,Comp,21
25,,,,,,,,,,13266,P21394,30/12/1899 09:00:00,Thu,SWITCHED NETWORK ARCHITECTURES,30/12/1899 10:00:00,Tut,25
2,3,4,5,6,8,9,10,11,12,13267,P24343,30/12/1899 12:00:00,Mon,SYSTEM ADMINISTRATION AND INTERNETWORKING,30/12/1899 13:00:00,Lect,"2,3,4,5,6,8,9,10,11,12,13"
8,9,10,11,12,13,,,,,13268,P24343,30/12/1899 14:00:00,Mon,SYSTEM ADMINISTRATION AND INTERNETWORKING,30/12/1899 15:00:00,Tut,"8,9,10,11,12,13"
8,9,10,11,12,13,,,,,13269,P24343,30/12/1899 15:00:00,Tue,SYSTEM ADMINISTRATION AND INTERNETWORKING,30/12/1899 18:00:00,Comp,"8,9,10,11,12,13"
14,15,16,17,18,19,21,22,23,24,13270,P24343,30/12/1899 12:00:00,Mon,SYSTEM ADMINISTRATION AND INTERNETWORKING,30/12/1899 13:00:00,Lect,"14,15,16,17,18,19,21,22,23,24,25,26"
21,22,23,26,,,,,,,13271,P24343,30/12/1899 15:00:00,Tue,SYSTEM ADMINISTRATION AND INTERNETWORKING,30/12/1899 18:00:00,Comp,"21,22,23,26"
25,,,,,,,,,,13272,P24343,30/12/1899 15:00:00,Tue,SYSTEM ADMINISTRATION AND INTERNETWORKING,30/12/1899 18:00:00,Comp,25
14,15,16,17,18,19,21,22,23,24,13273,U23826,30/12/1899 09:00:00,Tue,SYSTEM SECURITY,30/12/1899 11:00:00,Pract,"14,15,16,17,18,19,21,22,23,24,25,26"
2,3,4,5,6,8,9,10,11,12,13274,P22246,30/12/1899 09:00:00,Thu,"SYSTEMS, SECURITY AND DATA ANALYSIS",30/12/1899 10:00:00,Lect,"2,3,4,5,6,8,9,10,11,12,13"
2,3,4,5,6,8,9,10,11,12,13275,P22246,30/12/1899 11:00:00,Thu,"SYSTEMS, SECURITY AND DATA ANALYSIS",30/12/1899 12:00:00,Pract,"2,3,4,5,6,8,9,10,11,12,13"
14,15,16,17,18,19,,,,,13276,P22246,30/12/1899 09:00:00,Thu,"SYSTEMS, SECURITY AND DATA ANALYSIS",30/12/1899 10:00:00,Lect,"14,15,16,17,18,19"
14,15,16,17,18,19,,,,,13277,P22246,30/12/1899 11:00:00,Thu,"SYSTEMS, SECURITY AND DATA ANALYSIS",30/12/1899 12:00:00,Pract,"14,15,16,17,18,19"
21,22,23,25,26,,,,,,13278,P22246,30/12/1899 09:00:00,Thu,"SYSTEMS, SECURITY AND DATA ANALYSIS",30/12/1899 10:00:00,Lect,"21,22,23,25,26"
21,22,23,25,26,,,,,,13279,P22246,30/12/1899 11:00:00,Thu,"SYSTEMS, SECURITY AND DATA ANALYSIS",30/12/1899 12:00:00,Pract,"21,22,23,25,26"
2,3,4,5,6,8,9,10,11,12,13280,U21276,30/12/1899 11:00:00,Wed,THEORETICAL COMPUTER SCIENCE,30/12/1899 12:00:00,Lect,"2,3,4,5,6,8,9,10,11,12,13"
14,,,,,,,,,,13281,U21276,30/12/1899 16:00:00,Mon,THEORETICAL COMPUTER SCIENCE,30/12/1899 17:30:00,Test-IC,14
14,15,16,17,18,19,21,22,23,24,13282,U21276,30/12/1899 10:00:00,Wed,THEORETICAL COMPUTER SCIENCE,30/12/1899 11:00:00,Lect,"14,15,16,17,18,19,21,22,23,24,25,26"
2,3,4,5,6,8,9,10,11,12,13283,P21420,30/12/1899 09:00:00,Thu,WAN AND VLAN SOLUTIONS,30/12/1899 10:00:00,Lect,"2,3,4,5,6,8,9,10,11,12,13"
3,4,5,8,9,10,11,12,13,,13284,P21420,30/12/1899 12:00:00,Thu,WAN AND VLAN SOLUTIONS,30/12/1899 13:00:00,Comp,"3,4,5,8,9,10,11,12,13"
14,15,16,17,18,19,21,22,23,24,13285,P21420,30/12/1899 09:00:00,Thu,WAN AND VLAN SOLUTIONS,30/12/1899 10:00:00,Lect,"14,15,16,17,18,19,21,22,23,24,25,26"
15,16,17,18,19,21,22,23,24,25,13286,P21420,30/12/1899 12:00:00,Thu,WAN AND VLAN SOLUTIONS,30/12/1899 13:00:00,Comp,"15,16,17,18,19,21,22,23,24,25,26"
2,3,4,5,6,8,9,10,11,12,13287,P22439,30/12/1899 14:00:00,Mon,WEB DEVELOPMENT,30/12/1899 16:00:00,Lect,"2,3,4,5,6,8,9,10,11,12,13"
2,3,4,5,6,8,9,10,11,12,13288,P22439,30/12/1899 16:00:00,Mon,WEB DEVELOPMENT,30/12/1899 18:00:00,Pract,"2,3,4,5,6,8,9,10,11,12,13"
8,,,,,,,,,,13289,P22439,30/12/1899 09:00:00,Fri,WEB DEVELOPMENT,30/12/1899 12:55:00,Work,8
8,,,,,,,,,,13290,P22439,30/12/1899 13:00:00,Fri,WEB DEVELOPMENT,30/12/1899 17:00:00,Work,8
13,,,,,,,,,,13291,P22439,30/12/1899 09:00:00,Fri,WEB DEVELOPMENT,30/12/1899 12:55:00,Work,13
13,,,,,,,,,,13292,P22439,30/12/1899 13:00:00,Fri,WEB DEVELOPMENT,30/12/1899 17:00:00,Work,13
14,15,16,17,18,19,21,22,23,24,13293,U21260,30/12/1899 10:00:00,Mon,WEB FOUNDATIONS 1,30/12/1899 11:00:00,Lect,"14,15,16,17,18,19,21,22,23,24,25,26"
2,3,4,5,6,8,9,10,11,12,13294,U21277,30/12/1899 16:00:00,Tue,WEB RESEARCH,30/12/1899 18:00:00,Pract,"2,3,4,5,6,8,9,10,11,12,13"
14,15,16,17,18,19,,,,,13295,U21277,30/12/1899 16:00:00,Tue,WEB RESEARCH,30/12/1899 18:00:00,Pract,"14,15,16,17,18,19"
21,22,23,25,26,,,,,,13296,U21277,30/12/1899 16:00:00,Tue,WEB RESEARCH,30/12/1899 18:00:00,Pract,"21,22,23,25,26"
14,,,,,,,,,,13298,U21264,30/12/1899 09:00:00,Mon,WEB-SCRIPT PROGRAMMING,30/12/1899 12:55:00,Work,14
14,,,,,,,,,,13299,U21264,30/12/1899 13:00:00,Mon,WEB-SCRIPT PROGRAMMING,30/12/1899 17:00:00,Work,14
14,15,16,17,18,19,21,22,23,24,13300,U21264,30/12/1899 12:00:00,Fri,WEB-SCRIPT PROGRAMMING,30/12/1899 13:00:00,Lect,"14,15,16,17,18,19,21,22,23,24,25,26"
