unit_code,lecture_start_time,lecture_day,unit_name,lecture_end_time,module_type,lecture_weeks
U22338,09:00,Tue,3D COMPUTER GRAPHICS AND ANIMATION,10:00,Lect,"2,3,4,5,6,8,9,10,11,12,13"
U22338,09:00,Tue,3D COMPUTER GRAPHICS AND ANIMATION,10:00,Lect,"14,15,16,17,18,19,21,22,23,24,25,26"
U21278,12:00,Mon,ADVANCED DATABASE CONCEPTS,13:00,Lect,"2,3,4,5,6,8,9,10,11,12,13"
U21278,11:00,Thu,ADVANCED DATABASE CONCEPTS,12:00,Pract,"2,3,4,5,6,8,9,10,11,12,13"
U21278,12:00,Mon,ADVANCED DATABASE CONCEPTS,13:00,Lect,"14,15,16,17,18,19,21,22,23,24,25,26"
U21278,11:00,Thu,ADVANCED DATABASE CONCEPTS,12:00,Pract,"14,15,16,17,18,19,21,22,23,24,25,26"
U22389,16:00,Wed,ADVANCED DATABASE CONCEPTS (DL),19:00,DL,"2,3,4,5,6,8,9,10,11,12,13"
U21279,10:00,Mon,ADVANCED NETWORKS,12:00,Lect,"2,3,4,5,6,8,9,10,11,12,13"
U21279,10:00,Mon,ADVANCED NETWORKS,12:00,Lect,"14,15,16,17,18,19,21,22,23,24,25,26"
U22445,16:00,Wed,ADVANCED NETWORKS (DL),19:00,DL,"14,15,16,17,18,19,21,22,23,24,25,26"
U21266,10:00,Wed,ADVANCED PROGRAMMING CONCEPTS,11:00,Lect,"2,3,4,5,6,8,9,10,11,12,13"
U21266,11:00,Fri,ADVANCED PROGRAMMING CONCEPTS,12:00,Lect,"14,16,18,21,23,25"
U21266,10:00,Wed,ADVANCED PROGRAMMING CONCEPTS,11:00,Lect,"14,15,16,17,18,19,21,22,23,24,25,26"
U21280,13:00,Mon,ADVANCED SOFTWARE ENGINEERING,15:00,Lect,"2,4,6,8,10,12"
U21280,09:00,Thu,ADVANCED SOFTWARE ENGINEERING,10:00,Sem,"2,4,6,8,10,12"
U21280,13:00,Mon,ADVANCED SOFTWARE ENGINEERING,15:00,Lect,"15,17,19,21,23,25"
U21280,09:00,Thu,ADVANCED SOFTWARE ENGINEERING,10:00,Sem,"15,17,19,21,23,25"
U21804,10:00,Fri,ADVANCED SYSTEMS ANALYSIS,12:00,Lect,"2,6,9,11,13"
U21804,12:00,Fri,ADVANCED SYSTEMS ANALYSIS,14:00,Drop-In,6
U21804,10:00,Fri,ADVANCED SYSTEMS ANALYSIS,12:00,Lect,"15,17,19,22,24"
U21804,09:00,Thu,ADVANCED SYSTEMS ANALYSIS,11:00,Lect,26
U22374,13:00,Wed,ADVANCED SYSTEMS DEVELOPMENT (DL),16:00,DL,"14,15,16,17,18,19,21,22,23,24,25,26"
U23526,10:00,Wed,APPLIED COMPUTER GRAPHICS AND VISION,11:00,Lect,"2,3,4,5,6,8,9,10,11,12,13"
U23526,09:00,Fri,APPLIED COMPUTER GRAPHICS AND VISION,10:00,Lect,"14,15,16,17,18,19,21,22,23,24,25,26"
U26488,09:00,Mon,APPLIED DATA AND TEXT ANALYTICS,13:00,Work,"2,3,4,5,6,8,9,10,11,12,13"
U25157,14:00,Mon,BASICS OF THE BUSINESS ENVIRONMENT,15:00,Lect,"2,3,4,5,6,8,9,10,11,12,13"
U25157,15:00,Mon,BASICS OF THE BUSINESS ENVIRONMENT,17:00,Pract,"2,3,4,5,6,8,9,10,11,12,13"
U25157,14:00,Mon,BASICS OF THE BUSINESS ENVIRONMENT,15:00,Lect,"14,15,16,17,18,19,21,22,23,24,25,26"
U25157,15:00,Mon,BASICS OF THE BUSINESS ENVIRONMENT,17:00,Pract,"14,15,16,17,18,19,21,22,23,24,25,26"
U26491,13:00,Fri,BIG DATA APPLICATIONS,17:00,Work,"14,15,16,17,18,19,21,22,23,24,25,26"
U21267,15:00,Tue,BUSINESS INFORMATION SYSTEMS SECURITY,16:00,Lect,"2,3,4,5,6,8,9,10,11,12,13"
U21267,15:00,Tue,BUSINESS INFORMATION SYSTEMS SECURITY,16:00,Lect,"14,15,16,17,18,19,21,22,23,24,25,26"
U26490,09:00,Mon,BUSINESS INTELLIGENCE,13:00,Work,"14,15,16,17,18,19,21,22,23,24,25,26"
U25158,11:00,Fri,BUSINESS RESEARCH,12:00,Lect,"3,5,8,10,12"
U25158,11:00,Fri,BUSINESS RESEARCH,12:00,Lect,15
U25158,11:00,Fri,BUSINESS RESEARCH,12:00,Lect,"16,18,23,25"
U21769,11:00,Tue,BUSINESS SYSTEMS ANALYSIS,13:00,Lect,2
U21769,11:00,Tue,BUSINESS SYSTEMS ANALYSIS,13:00,Lect,"4,6,9,11,13"
U21769,12:00,Tue,BUSINESS SYSTEMS ANALYSIS,14:00,Lect,"15,17,19,22,24,26"
U22344,11:00,Mon,BUSINESS SYSTEMS ANALYSIS AND DESIGN,13:00,Sem,"2,3,4,5,6,8,9,10,11,12,13"
U22344,11:00,Mon,BUSINESS SYSTEMS ANALYSIS AND DESIGN,13:00,Sem,"14,15,16,17,18,19,21,22,23,24,25,26"
P21422,15:00,Tue,CLIENT SERVER NETWORK ARCHITECTURE,16:00,CompL,"2,3,4,5,6,8,9,10,11,12,13"
P21422,13:00,Thu,CLIENT SERVER NETWORK ARCHITECTURE,15:00,Comp,"2,3,4,5,6,8,9,10,11,12,13"
P24371,16:00,Fri,CLOUD COMPUTING,17:00,Lect,14
P24371,09:00,Tue,CLOUD COMPUTING,12:00,PBL,"15,16,17,18,19,21,22,23"
P24371,09:00,Tue,CLOUD COMPUTING,12:00,PBL,25
P24371,11:00,Fri,CLOUD COMPUTING,12:00,Tut,26
P21436,15:00,Thu,COMMUNICATION SECURITY,16:00,Lect,"14,15,16,17,18,19,21,22,23,24,25,26"
P21436,09:00,Fri,COMMUNICATION SECURITY,10:00,Lect,"14,15,16,17,18,19,21,22,23,24,25,26"
P21436,17:00,Mon,COMMUNICATION SECURITY,18:00,Tut,"17,19"
P21436,09:00,Thu,COMMUNICATION SECURITY,12:00,Lab,21
P21436,17:00,Mon,COMMUNICATION SECURITY,18:00,Tut,"21,23"
P21436,11:00,Mon,COMMUNICATION SECURITY,12:00,Tut,26
P21436,17:00,Mon,COMMUNICATION SECURITY,18:00,Tut,26
U22731,10:00,Thu,COMP TUTORIAL LEVEL 4,11:00,Pers Tut,"5,8,9,10,11"
U22731,10:00,Thu,COMP TUTORIAL LEVEL 4,11:00,Pers Tut,"14,15,17,19,21,22"
U22731,16:00,Thu,COMP TUTORIAL LEVEL 4,17:00,Lect,"15,17,19,21,23"
U22732,10:00,Thu,COMP TUTORIAL LEVEL 5,11:00,Pers Tut,"6,12"
U22732,10:00,Thu,COMP TUTORIAL LEVEL 5,11:00,Pers Tut,"16,23"
U26153,10:00,Thu,COMP TUTORIAL LEVEL 7,11:00,Pers Tut,"2,4,6,9,11,13"
U26153,10:00,Thu,COMP TUTORIAL LEVEL 7,11:00,Pers Tut,
U26153,10:00,Tue,COMP TUTORIAL LEVEL 7,11:00,Pers Tut,5
U26153,11:00,Tue,COMP TUTORIAL LEVEL 7,12:00,Pers Tut,"14,16,18,21,23,25"
U26153,11:00,Tue,COMP TUTORIAL LEVEL 7,12:00,Pers Tut,"15,17,19,22,24,26"
U23829,10:00,Tue,COMPUTER ARCHITECTURE,11:00,Lect,"14,15,16,17,18,19,21,22,23,24,25,26"
P22434,14:00,Thu,COMPUTER FORENSIC INVESTIGATION AND CRYPTOGRAPHY,15:00,Lect,"2,3,4,5,6,8,9,10,11,12,13"
P22434,15:00,Thu,COMPUTER FORENSIC INVESTIGATION AND CRYPTOGRAPHY,17:00,Pract,"2,3,4,5,6,8,9,10,11,12,13"
P22434,09:00,Fri,COMPUTER FORENSIC INVESTIGATION AND CRYPTOGRAPHY,12:55,Work,14
P22434,13:00,Fri,COMPUTER FORENSIC INVESTIGATION AND CRYPTOGRAPHY,17:00,Work,14
P22434,14:00,Thu,COMPUTER FORENSIC INVESTIGATION AND CRYPTOGRAPHY,15:00,Lect,14
P22434,15:00,Thu,COMPUTER FORENSIC INVESTIGATION AND CRYPTOGRAPHY,17:00,Pract,14
P22434,14:00,Thu,COMPUTER FORENSIC INVESTIGATION AND CRYPTOGRAPHY,15:00,Lect,"15,16,17,18,19,21,22,23,24,25,26"
P22434,15:00,Thu,COMPUTER FORENSIC INVESTIGATION AND CRYPTOGRAPHY,17:00,Pract,"15,16,17,18,19,21,22,23,24,25,27"
P22434,09:00,Fri,COMPUTER FORENSIC INVESTIGATION AND CRYPTOGRAPHY,12:55,Work,25
P22434,13:00,Fri,COMPUTER FORENSIC INVESTIGATION AND CRYPTOGRAPHY,17:00,Work,25
U21268,17:00,Thu,COMPUTER OPERATING SYSTEMS AND INTERMEDIATE NETWORKING,18:00,Lect,"2,3,4,5,6,8,9,10,11,12,13"
U21268,17:00,Thu,COMPUTER OPERATING SYSTEMS AND INTERMEDIATE NETWORKING,18:00,Lect,"14,15,16,17,18,19,21,22,23,24,25,26"
P22240,09:00,Wed,COMPUTER SECURITY,10:00,Lect,"2,3,4,5,6,8,9,10,11,12,13"
P22240,10:00,Wed,COMPUTER SECURITY,11:00,Pract,"2,3,4,5,6,8,9,10,11,12,13"
P22240,09:00,Wed,COMPUTER SECURITY,10:00,Lect,"14,15,16,17,18,19,21,22,23,24,25,26"
P22240,10:00,Wed,COMPUTER SECURITY,11:00,Pract,"14,15,16,17,18,19,21,22,23,24,25,26"
U24122,09:00,Tue,COMPUTER VISION,10:00,Lect,"2,3,4,5,6,8,9,10,11,12"
U24122,10:00,Tue,COMPUTER VISION,11:00,Pract,"2,3,4,5,6,8,9,10,11,13"
U24122,09:00,Tue,COMPUTER VISION,10:00,Drop-In,13
U24122,10:00,Tue,COMPUTER VISION,11:00,Drop-In,13
U24122,10:00,Tue,COMPUTER VISION,11:00,Pract,"14,15,16,17,18,19"
U24122,09:00,Tue,COMPUTER VISION,10:00,Lect,"14,15,16,17,18,19,21,22,23,25"
U24122,10:00,Tue,COMPUTER VISION,11:00,Pract,"21,22,23"
U24122,09:00,Tue,COMPUTER VISION,10:00,Drop-In,26
U24122,10:00,Tue,COMPUTER VISION,11:00,Drop-In,26
U25766,09:00,Mon,COMPUTING FOR ROBOTICS,10:00,Lect,"2,3,4,5,6,8,9,10,11,12,13"
U25766,10:00,Tue,COMPUTING FOR ROBOTICS,11:00,Drop-In,13
U25766,09:00,Mon,COMPUTING FOR ROBOTICS,10:00,Lect,"14,15,16,17,18,19,21,22,23,25"
U25766,09:00,Mon,COMPUTING FOR ROBOTICS,10:00,Drop-In,26
U25766,10:00,Tue,COMPUTING FOR ROBOTICS,11:00,Drop-In,26
U23800,12:00,Mon,COMPUTING UNDERGRADUATE AMBASSADOR,13:00,Lect,2
U23800,11:00,Mon,COMPUTING UNDERGRADUATE AMBASSADOR,12:30,Pract,"3,4,5,6"
U23800,11:00,Mon,COMPUTING UNDERGRADUATE AMBASSADOR,12:30,Pract,"14,23"
U23800,09:00,Mon,COMPUTING UNDERGRADUATE AMBASSADOR,12:55,Place,"15,16,17,18,19,21,22,23"
U23800,09:00,Mon,COMPUTING UNDERGRADUATE AMBASSADOR,12:55,Prest,"25,26"
P21382,13:00,Fri,CONCEPTS OF DATA COMMUNICATION NETWORKS,14:00,CompL,"2,3,4,5,8,10,11"
P21382,09:00,Thu,CONCEPTS OF DATA COMMUNICATION NETWORKS,11:00,Lect,"2,3,4,5,8,9,10,11,12"
P21382,13:00,Fri,CONCEPTS OF DATA COMMUNICATION NETWORKS,14:00,Drop-In,"9,13"
P21382,09:00,Thu,CONCEPTS OF DATA COMMUNICATION NETWORKS,11:00,Lect,"14,15,16,17,18,21,22,23"
P21382,13:00,Fri,CONCEPTS OF DATA COMMUNICATION NETWORKS,14:00,Tut,"22,23"
P21382,16:00,Thu,CONCEPTS OF DATA COMMUNICATION NETWORKS,18:00,Comp,25
P21433,10:00,Wed,DATA COMMUNICATIONS AND NETWORKING,13:00,Lect,"2,3,4,5,6,8,9,10,11"
P21433,12:00,Tue,DATA COMMUNICATIONS AND NETWORKING,13:00,Tut,"4,7,11,12,13"
P21433,09:00,Thu,DATA COMMUNICATIONS AND NETWORKING,12:00,Lab,5
P21433,09:00,Thu,DATA COMMUNICATIONS AND NETWORKING,12:00,Lab,10
P21433,16:00,Mon,DATA COMMUNICATIONS AND NETWORKING,17:00,Tut,14
P21433,12:00,Thu,DATA COMMUNICATIONS AND NETWORKING,15:00,Test-IC,14
U26489,12:00,Thu,DATA MANAGEMENT,16:00,Work,"2,3,4,5,6,8,9,10,11,12,13"
U21270,13:00,Tue,DATA STRUCTURES AND ALGORITHMS,14:00,Lect,"2,3,4,5,6,8,9,10,11,12,13"
U21270,12:00,Wed,DATA STRUCTURES AND ALGORITHMS,13:00,Lect,"2,3,4,5,6,8,9,10,11,12,13"
U21270,10:00,Mon,DATA STRUCTURES AND ALGORITHMS,12:00,Drop-In,7
U21270,13:00,Tue,DATA STRUCTURES AND ALGORITHMS,15:00,Drop-In,7
U21269,15:00,Thu,DATABASE PRINCIPLES,16:00,Lect,"2,3,4,5,6,8,9,10,11,12,13"
U21269,15:00,Thu,DATABASE PRINCIPLES,16:00,Lect,"14,15,16,17,18,19,21,22,23,24,25,26"
U25159,16:00,Tue,DIGITAL ENTERPRISE AND INNOVATION,18:00,Sem,"2,3,4,5,6,8,9,10,11,12,13"
U25159,14:00,Fri,DIGITAL ENTERPRISE AND INNOVATION,16:00,Sem,"14,18"
U25159,14:00,Fri,DIGITAL ENTERPRISE AND INNOVATION,16:00,Sem,"15,16,17,19,21,22,23,25"
U21274,13:00,Tue,DISCRETE MATHEMATICS AND FUNCTIONAL PROGRAMMING,14:00,Lect,"14,15,16,17,18,19,21,22,23,24,25,26"
U21274,12:00,Wed,DISCRETE MATHEMATICS AND FUNCTIONAL PROGRAMMING,13:00,Lect,"14,15,16,17,18,19,21,22,23,24,25,26"
U23483,09:00,Wed,DISTRIBUTED  AND MOBILE SYSTEMS,10:00,Sem,"2,3,4,5,6,8,9,10,11,12,13"
U23483,09:00,Wed,DISTRIBUTED  AND MOBILE SYSTEMS,10:00,Pract,"14,15,16,17,18,19,21,22,23,24,25,26"
U23483,16:00,Thu,DISTRIBUTED  AND MOBILE SYSTEMS,17:00,Lect,"14,15,16,17,18,19,21,22,23,24,25,26"
U21281,09:00,Wed,DISTRIBUTED SYSTEMS AND PARALLEL PROGRAMMING,10:00,Lect,"14,15,16,17,18,19,21,22,23,24,25,26"
U22375,09:00,Wed,E-COMMERCE - A CRITICAL EVALUATION OF TECHNOLOGY (DL),12:00,DL,"14,15,16,17,18,19,21,22,23,24,25,26"
U21283,10:00,Wed,EDUCATIONAL COMPUTING,11:00,Lect,"2,4,6,9,11,13"
U21283,10:00,Wed,EDUCATIONAL COMPUTING,12:00,Pract,"3,5,8,10,12"
U21283,10:00,Wed,EDUCATIONAL COMPUTING,12:00,Pract,"14,16,18,21,23,25"
U21283,10:00,Wed,EDUCATIONAL COMPUTING,11:00,Lect,"15,17,19,22,24,26"
U21283,09:00,Fri,EDUCATIONAL COMPUTING,12:55,Work,26
U21283,13:00,Fri,EDUCATIONAL COMPUTING,15:00,Work,26
P25810,10:00,Wed,ENTERPRISE AND ISP NETWORK SOLUTIONS,11:00,Lect,"2,3,4,5,6,8,9,10,11,12,13"
P25810,13:00,Mon,ENTERPRISE AND ISP NETWORK SOLUTIONS,14:00,Comp,"3,4,5,6,8,9,10,11,12,13"
P25810,13:00,Mon,ENTERPRISE AND ISP NETWORK SOLUTIONS,14:00,Comp,"14,15,16,17,18,19,21,22,23"
P25810,10:00,Wed,ENTERPRISE AND ISP NETWORK SOLUTIONS,11:00,Lect,"14,15,16,17,18,19,21,22,24"
P25810,10:00,Wed,ENTERPRISE AND ISP NETWORK SOLUTIONS,11:00,Tut,"25,26"
U21289,13:00,Tue,ENTERPRISE WEB ARCHITECTURES,15:00,Lect,"2,3,4,5,6,8,9,10"
U21289,13:00,Tue,ENTERPRISE WEB ARCHITECTURES,14:00,Lect,"11,12,13"
U21289,14:00,Tue,ENTERPRISE WEB ARCHITECTURES,15:00,Pract,"11,12,13"
U21289,13:00,Tue,ENTERPRISE WEB ARCHITECTURES,14:00,Lect,"14,15,16,17,18,19"
U21289,14:00,Tue,ENTERPRISE WEB ARCHITECTURES,15:00,Pract,"14,15,16,17,18,20"
U21289,13:00,Tue,ENTERPRISE WEB ARCHITECTURES,15:00,Pract,"21,22,23,25,26"
U22357,16:00,Thu,FINAL YEAR MAJOR PROJECT,17:00,DL,"2,3,4,5,6,8,9,10,11,12,13"
U22357,16:00,Thu,FINAL YEAR MAJOR PROJECT,17:00,DL,"14,15,16,17,18,19,21,22,23,24,25,26"
U22508,09:00,Fri,FINAL YEAR STUDY PROJECT,10:00,Lect,"4,5"
U23509,14:00,Fri,FORENSICS FUNDAMENTALS,17:00,Lect,"2,3,4,5,6,8,9,10,11,12,13"
U23510,09:00,Wed,FORENSICS INVESTIGATIONS,10:00,Lect,"14,25"
U23510,16:00,Mon,FORENSICS INVESTIGATIONS,18:00,Pract,"14,15,16,17,18,19,21,22,23,24,25,26"
U23510,15:00,Mon,FORENSICS INVESTIGATIONS,16:00,Lect,"15,16,17,18,19,21,22,23,26"
P21386,11:00,Tue,FUNDAMENTALS OF COMPUTER SYSTEMS,13:00,Lect,"2,3,4,5,6,8,9,10,11,12,13"
P21386,15:00,Thu,FUNDAMENTALS OF COMPUTER SYSTEMS,17:00,PBL,"9,10,11"
P21386,11:00,Tue,FUNDAMENTALS OF COMPUTER SYSTEMS,13:00,Lect,"13,14"
P21386,09:00,Mon,FUNDAMENTALS OF COMPUTER SYSTEMS,11:00,PBL,"14,15,16,17,18,19,21,22,23"
P21386,11:00,Tue,FUNDAMENTALS OF COMPUTER SYSTEMS,13:00,Lect,"14,15,16,17,18,19,21,22,23"
P21386,11:00,Tue,FUNDAMENTALS OF COMPUTER SYSTEMS,13:00,Lect,25
P21386,11:00,Fri,FUNDAMENTALS OF COMPUTER SYSTEMS,13:00,Tut,25
U21284,15:00,Mon,FUZZY LOGIC - THEORY AND APPLICATIONS,17:00,Lect,"2,3,4,5,6,8,9,10,11"
U21284,15:00,Mon,FUZZY LOGIC - THEORY AND APPLICATIONS,17:00,Pract,"12,13"
U21284,15:00,Mon,FUZZY LOGIC - THEORY AND APPLICATIONS,17:00,Lect,"14,15,16,17,18,19"
U21284,15:00,Mon,FUZZY LOGIC - THEORY AND APPLICATIONS,17:00,Pract,"21,22,23,25,26"
U21272,15:00,Mon,GETTING USABILITY INTO DEVELOPMENT ENVIRONMENTS,17:00,Lect,"2,4,6,9,11,13"
U21272,15:00,Mon,GETTING USABILITY INTO DEVELOPMENT ENVIRONMENTS,17:00,Lect,"15,17,19,22,24,26"
U24123,09:00,Thu,GROUP INDUSTRIAL PROJECT,12:55,Work,2
U24123,09:00,Thu,GROUP INDUSTRIAL PROJECT,11:00,Work,"3,4,5"
U24123,09:00,Thu,GROUP INDUSTRIAL PROJECT,10:00,Tut,"6,8,9,10,11,12,13"
U24123,09:00,Thu,GROUP INDUSTRIAL PROJECT,10:00,Tut,"14,15,16,17,18,19,21,22,23,24,25,26"
U21285,09:00,Tue,HUMAN COMPUTER INTERACTION DESIGN,11:00,Lect,"2,4,6,9,11,13"
U21285,10:00,Fri,HUMAN COMPUTER INTERACTION DESIGN,11:00,Pract,3
U21285,09:00,Mon,HUMAN COMPUTER INTERACTION DESIGN,10:00,Pract,"3,8"
U21285,09:00,Thu,HUMAN COMPUTER INTERACTION DESIGN,11:00,Pract,5
U21285,11:00,Fri,HUMAN COMPUTER INTERACTION DESIGN,12:00,Pract,8
U21285,09:00,Tue,HUMAN COMPUTER INTERACTION DESIGN,11:00,Pract,"10,12"
U21285,09:00,Tue,HUMAN COMPUTER INTERACTION DESIGN,11:00,Pract,"14,16,18,21,23,25"
U21285,09:00,Tue,HUMAN COMPUTER INTERACTION DESIGN,11:00,Lect,"15,17,19,22,24,26"
P22919,09:00,Fri,ICT CONFIGURATION AND ADMINISTRATION,10:00,Comp,"2,3,4,5,6,8,9,10,11,12,13"
P22919,10:00,Fri,ICT CONFIGURATION AND ADMINISTRATION,13:00,Comp,"2,3,4,5,6,8,9,10,11,12,13"
P22919,15:00,Fri,ICT CONFIGURATION AND ADMINISTRATION,17:00,Test-IC,14
U24739,09:00,Fri,INDIVIDUAL PROJECT (ENGINEERING),10:00,Lect,"4,5"
U22342,12:00,Thu,INFORMATION SYSTEMS AND PROJECT MANAGEMENT,13:00,Lect,"2,3,4,5,6,8,9,10,11,12,13"
U22342,12:00,Thu,INFORMATION SYSTEMS AND PROJECT MANAGEMENT,13:00,Lect,"14,15,16,17,18,19,21,22,23,24,25,26"
P22242,09:00,Mon,INFORMATION SYSTEMS DEVELOPMENT,12:58,Pract,"14,15,16,17,18,19"
P22242,09:00,Mon,INFORMATION SYSTEMS DEVELOPMENT,11:00,Pract,"21,22,23,25,26"
P22242,11:00,Mon,INFORMATION SYSTEMS DEVELOPMENT,13:00,Pract,"21,22,23,25,27"
P22242,09:00,Fri,INFORMATION SYSTEMS DEVELOPMENT,12:55,Work,26
P22242,13:00,Fri,INFORMATION SYSTEMS DEVELOPMENT,17:00,Work,26
P22437,16:00,Mon,INFORMATION SYSTEMS MANAGEMENT,18:00,Pract,14
P22437,14:00,Mon,INFORMATION SYSTEMS MANAGEMENT,16:00,Lect,"14,15,16,17,18,19"
P22437,16:00,Mon,INFORMATION SYSTEMS MANAGEMENT,18:00,Sem,"15,16,17,18,19"
P22437,14:00,Mon,INFORMATION SYSTEMS MANAGEMENT,16:00,Lect,"21,22,23,25,26"
P22437,16:00,Mon,INFORMATION SYSTEMS MANAGEMENT,18:00,Sem,"21,22,23,25,27"
P22437,09:00,Fri,INFORMATION SYSTEMS MANAGEMENT,12:55,Work,17
P22437,13:00,Fri,INFORMATION SYSTEMS MANAGEMENT,17:00,Work,17
U22510,16:00,Wed,INFORMATION SYSTEMS MANAGEMENT (DL),19:00,DL,"14,15,16,17,18,19,21,22,23,24,25,26"
P22436,09:00,Mon,INTERACTION IN COMPUTER SYSTEMS,13:00,Lect,"2,5,9,11,12"
P22436,09:00,Mon,INTERACTION IN COMPUTER SYSTEMS,11:00,Lect,"3,4,6,8,10,13"
P22436,09:00,Fri,INTERACTION IN COMPUTER SYSTEMS,12:55,Work,6
P22436,13:00,Fri,INTERACTION IN COMPUTER SYSTEMS,17:00,Work,6
P22436,09:00,Fri,INTERACTION IN COMPUTER SYSTEMS,12:55,Work,12
P22436,13:00,Fri,INTERACTION IN COMPUTER SYSTEMS,17:00,Work,12
U25765,11:00,Tue,INTRODUCTION TO COMPUTER ESSENTIALS,12:00,Lect,"2,3,4,5,6,8,9,10,11,12,13"
U25765,11:00,Tue,INTRODUCTION TO COMPUTER ESSENTIALS,12:00,Lect,"14,15,16,17,18,19,21,22,23,24,25,26"
U21259,12:00,Fri,INTRODUCTION TO DATABASE DESIGN AND DEVELOPMENT,13:00,Lect,"2,3,4,5,6,8,9,10,11,12,13"
U21259,12:00,Fri,INTRODUCTION TO DATABASE DESIGN AND DEVELOPMENT,13:00,Lect,"14,15,16,17,18,19,21,22,23,24,25,26"
U21261,17:00,Tue,INTRODUCTION TO PROGRAMMING,18:00,Drop-In,"2,3,4,5"
U21261,09:00,Mon,INTRODUCTION TO PROGRAMMING,10:00,Drop-In,"3,5,9,11"
U21261,11:00,Mon,INTRODUCTION TO PROGRAMMING,13:00,Drop-In,7
U21261,17:00,Tue,INTRODUCTION TO PROGRAMMING,18:00,Drop-In,"14,15,16,17"
U21261,10:00,Wed,INTRODUCTION TO PROGRAMMING,11:00,Lect,"14,15,16,17,18,19,21,22,23"
U21261,10:00,Fri,INTRODUCTION TO PROGRAMMING,11:00,Lect,"14,15,16,17,18,19,21,22,24"
U21261,09:00,Mon,INTRODUCTION TO PROGRAMMING,10:00,Drop-In,"15,17,19,22"
U21261,11:00,Mon,INTRODUCTION TO PROGRAMMING,13:00,Drop-In,20
U26107,13:00,Mon,LEARNING FROM EXPERIENCE TEACHING PLACEMENT,15:00,Place,"8,9,10,11,12,13"
U26107,09:00,Mon,LEARNING FROM EXPERIENCE TEACHING PLACEMENT,12:55,Place,"15,16,17,19"
U26107,13:00,Mon,LEARNING FROM EXPERIENCE TEACHING PLACEMENT,15:00,Place,"15,16,17,20"
U26107,09:00,Mon,LEARNING FROM EXPERIENCE TEACHING PLACEMENT,12:55,Prest,"21,22,23"
U26306,09:00,Tue,LIFE COMPUTING ? FOR TIMETABLING PURPOSES ONLY,13:00,Place,"2,3,4,5,6,8,9,10,11,12,13"
U26306,13:05,Tue,LIFE COMPUTING ? FOR TIMETABLING PURPOSES ONLY,17:00,Place,"2,3,4,5,6,8,9,10,11,12,13"
U26306,17:05,Tue,LIFE COMPUTING ? FOR TIMETABLING PURPOSES ONLY,20:00,Place,"2,3,4,5,6,8,9,10,11,12,13"
U26306,09:00,Tue,LIFE COMPUTING ? FOR TIMETABLING PURPOSES ONLY,13:00,Place,"14,15,16,17,18,19,21,22,23,24,25,26"
U26306,13:05,Tue,LIFE COMPUTING ? FOR TIMETABLING PURPOSES ONLY,16:55,Place,"14,15,16,17,18,19,21,22,23,24,25,26"
U26306,17:00,Tue,LIFE COMPUTING ? FOR TIMETABLING PURPOSES ONLY,19:45,Place,"14,15,16,17,18,19,21,22,23,24,25,26"
U23524,10:00,Wed,MALWARE FORENSICS,11:00,Lect,"2,3,4,5,6,8,9,10,11,12,13"
U23524,11:00,Wed,MALWARE FORENSICS,13:00,Pract,"2,3,4,5,6,8,9,10,11,12,13"
U23508,09:30,Fri,MOBILE FORENSICS: ISSUE AND PRACTICE,12:55,Pract,15
U23508,13:00,Fri,MOBILE FORENSICS: ISSUE AND PRACTICE,16:30,Pract,15
U23508,09:30,Fri,MOBILE FORENSICS: ISSUE AND PRACTICE,12:55,Pract,17
U23508,13:00,Fri,MOBILE FORENSICS: ISSUE AND PRACTICE,16:30,Pract,17
U23508,09:30,Fri,MOBILE FORENSICS: ISSUE AND PRACTICE,12:55,Pract,19
U23508,13:00,Fri,MOBILE FORENSICS: ISSUE AND PRACTICE,16:30,Pract,19
U23508,09:30,Fri,MOBILE FORENSICS: ISSUE AND PRACTICE,12:55,Pract,21
U23508,13:00,Fri,MOBILE FORENSICS: ISSUE AND PRACTICE,16:30,Pract,21
U23508,09:30,Fri,MOBILE FORENSICS: ISSUE AND PRACTICE,12:55,Pract,23
U23508,13:00,Fri,MOBILE FORENSICS: ISSUE AND PRACTICE,16:30,Pract,23
U23508,09:30,Fri,MOBILE FORENSICS: ISSUE AND PRACTICE,12:55,Pract,26
U23508,13:00,Fri,MOBILE FORENSICS: ISSUE AND PRACTICE,16:30,Pract,26
P23530,09:00,Wed,NETWORK DESIGN,10:00,Lect,"2,3,4,5,6,8,9,10,11,12,13"
P23530,12:00,Wed,NETWORK DESIGN,13:00,PBL,"3,4,5,6,8,9,10,11,12,13"
P23530,09:00,Wed,NETWORK DESIGN,10:00,Lect,"14,15,16,17,18,19,21,22,23,24"
P23530,12:00,Wed,NETWORK DESIGN,13:00,PBL,"14,15,16,17,18,19,21,22,23,24"
P23530,09:00,Wed,NETWORK DESIGN,10:00,Tut,26
P21432,15:00,Mon,NETWORK DESIGN AND MANAGEMENT,17:00,Lect,"14,15,16,17,18,19,21,22,23,24,25,26"
P21432,12:00,Wed,NETWORK DESIGN AND MANAGEMENT,13:00,Lect,"14,15,16,17,18,19,21,22,23,24,25,26"
P21432,12:00,Mon,NETWORK DESIGN AND MANAGEMENT,13:00,Tut,"15,17,19,22,24,26"
P21432,09:00,Thu,NETWORK DESIGN AND MANAGEMENT,12:00,Lab,19
P21432,09:00,Thu,NETWORK DESIGN AND MANAGEMENT,12:00,Lab,23
U21262,09:00,Thu,NETWORK FUNDAMENTALS,10:00,Lect,"14,15,16,17,18,19,21,22,23,24,25,26"
U21406,09:00,Mon,NETWORK OPERATIONS AND MANAGEMENT,10:00,Lect,"2,3,4,5,6"
U21406,09:00,Mon,NETWORK OPERATIONS AND MANAGEMENT,12:00,Comp,"8,9,10,11,12,13"
U21406,09:00,Mon,NETWORK OPERATIONS AND MANAGEMENT,10:00,Lect,"14,15,16,17,18"
U21406,09:00,Mon,NETWORK OPERATIONS AND MANAGEMENT,12:00,Comp,"19,21,22,23,25,26"
P24928,16:00,Tue,NETWORK PROTOCOLS,18:00,Lect,"2,3,4,5,8,9,10,11"
P24928,11:00,Mon,NETWORK PROTOCOLS,13:00,Comp,"9,10"
P24928,15:00,Thu,NETWORK PROTOCOLS,17:00,Drop-In,"13,14"
P24928,16:00,Tue,NETWORK PROTOCOLS,17:00,Lect,"15,16,17,19,21,22,23"
P24928,17:00,Thu,NETWORK PROTOCOLS,18:00,Lect,"16,17,18,19,21,22,23"
P24928,14:00,Tue,NETWORK PROTOCOLS,16:00,Tut,19
P24928,15:00,Thu,NETWORK PROTOCOLS,17:00,Comp,21
P24928,16:00,Tue,NETWORK PROTOCOLS,17:00,Lect,25
P21396,13:00,Fri,NETWORK ROUTING ARCHITECTURES,16:00,Tut,2
P21396,13:00,Fri,NETWORK ROUTING ARCHITECTURES,16:00,Tut,3
P21396,13:00,Fri,NETWORK ROUTING ARCHITECTURES,16:00,Comp,"4,5,6,8,9,10,11,12,13"
P21396,15:00,Fri,NETWORK ROUTING ARCHITECTURES,17:00,Tut,14
P21396,13:00,Fri,NETWORK ROUTING ARCHITECTURES,16:00,Comp,"15,16,17,18,21,22,23"
P21396,13:00,Fri,NETWORK ROUTING ARCHITECTURES,14:00,Tut,25
U24342,15:00,Mon,NETWORK SERVICES ADMINISTRATION AND VIRTUALISATION,16:00,Lect,2
U24342,15:00,Mon,NETWORK SERVICES ADMINISTRATION AND VIRTUALISATION,16:00,Lect,14
U24342,15:00,Mon,NETWORK SERVICES ADMINISTRATION AND VIRTUALISATION,16:00,Tut,25
P23531,16:00,Mon,NETWORK SIMULATION AND TRAFFIC MANAGEMENT,18:00,PBL,"3,4,5,6,8,9,10,11,12,13"
P23531,16:00,Mon,NETWORK SIMULATION AND TRAFFIC MANAGEMENT,18:00,PBL,"14,15,16,17,18,19,21,22,23"
P23531,17:00,Tue,NETWORK SIMULATION AND TRAFFIC MANAGEMENT,18:00,Drop-In,"14,15,16,17,18,19,21,22,24"
P23531,17:00,Tue,NETWORK SIMULATION AND TRAFFIC MANAGEMENT,18:00,Tut,25
U25352,12:00,Wed,NEURAL NETWORKS AND GENETIC ALGORITHMS,13:00,Lect,"2,3,4,5,6,8,9,10,11,12,13"
U25352,12:00,Wed,NEURAL NETWORKS AND GENETIC ALGORITHMS,13:00,Lect,"14,15,16,17,18,19,21,22,23,24,25,26"
P23485,09:00,Fri,PERVASIVE NETWORK APPLICATIONS,10:00,Lect,"2,3,4,5,6,8,9,10,11,12,13"
P23485,11:00,Tue,PERVASIVE NETWORK APPLICATIONS,13:00,Comp,"5,6,8,9,10,11,12,13"
P23485,09:00,Fri,PERVASIVE NETWORK APPLICATIONS,10:00,Lect,"14,15,16,17,18,19,21,22,23,24,25,26"
P23485,11:00,Tue,PERVASIVE NETWORK APPLICATIONS,13:00,Comp,"17,18,19,21,22,23,26"
P23485,11:00,Tue,PERVASIVE NETWORK APPLICATIONS,13:00,Comp,25
U25764,13:00,Tue,PRACTICAL DATA ANALYTICS AND MINING,15:00,Pract,"2,3,4,5,6,8,9,10,11,12,13"
U25764,13:00,Tue,PRACTICAL DATA ANALYTICS AND MINING,15:00,Pract,"14,15,16,17,18,19,21,22,23,24,25,26"
U26483,15:00,Fri,PRACTICAL DATA SCIENCE,17:00,Lect,2
U26483,13:00,Tue,PRACTICAL DATA SCIENCE,15:00,Pract,"2,3,4,5,6,8,9,10,11,12,13"
U26483,15:00,Fri,PRACTICAL DATA SCIENCE,17:00,Lect,"3,4,5,6,8,9,10,11,12,13"
U26483,13:00,Tue,PRACTICAL DATA SCIENCE,15:00,Pract,"14,15,16,17,18,19,21,22,23,24,25,26"
U26483,15:00,Fri,PRACTICAL DATA SCIENCE,17:00,Lect,"14,15,16,17,18,19,21,22,23,24,25,26"
U22507,14:00,Thu,PROFESSIONAL AND ACADEMIC RESEARCH DEVELOPMENT,15:00,Lect,"2,3,4,5,6,8,9,10,11,12,13"
U22507,15:00,Thu,PROFESSIONAL AND ACADEMIC RESEARCH DEVELOPMENT,16:00,Sem,"2,3,4,5,6,8,9,10,11,12,13"
U22507,14:00,Thu,PROFESSIONAL AND ACADEMIC RESEARCH DEVELOPMENT,15:00,Lect,"14,15,16,17,18,19,21,22,23,24,25,26"
U22507,15:00,Thu,PROFESSIONAL AND ACADEMIC RESEARCH DEVELOPMENT,16:00,Sem,"14,15,16,17,18,19,21,22,23,24,25,26"
U22376,13:00,Wed,PROJECT MANAGEMENT (DL),16:00,DL,"2,3,4,5,6,8,9,10,11,12,13"
U22358,16:00,Thu,PROJECT MANAGEMENT FOR INFORMATION SYSTEMS,17:00,Lect,"2,4,6,8,10,12"
U22358,16:00,Thu,PROJECT MANAGEMENT FOR INFORMATION SYSTEMS,18:00,Sem,"3,5,9,11,13"
U22358,16:00,Thu,PROJECT MANAGEMENT FOR INFORMATION SYSTEMS,17:00,Lect,"14,16,18,21,23,25"
U22358,16:00,Thu,PROJECT MANAGEMENT FOR INFORMATION SYSTEMS,18:00,Sem,"15,17,19,22,24,26"
U21288,16:00,Fri,RELIABLE AND SECURE SYSTEMS,17:00,Pract,"14,15,16,17,18,19,21,22,23,25,26"
U21288,15:00,Fri,RELIABLE AND SECURE SYSTEMS,16:00,Lect,"14,15,16,17,18,19,21,22,23,24,25,26"
U21288,16:00,Fri,RELIABLE AND SECURE SYSTEMS,17:00,Pract,26
U24452,09:00,Thu,RESEARCH INTERNAL PLACEMENT,10:00,Lect,"2,3,4,5,6,8,9,10,11,12,13"
U24452,09:00,Thu,RESEARCH INTERNAL PLACEMENT,10:00,Lect,"14,15,16,17,18,19,21,22,23,24,25,26"
U25537,16:00,Wed,RESEARCH INTERNAL PLACEMENT (DL),17:00,DL,"2,3,4,5,6,8,9,10,11,12,13"
U25537,16:00,Wed,RESEARCH INTERNAL PLACEMENT (DL),17:00,DL,"14,15,16,17,18,19,21,22,23,24,25,26"
U24453,10:00,Thu,RESEARCH PREPARATION AND DEVELOPMENT,11:00,Lect,"2,3,4,5,6,8,9,10,11,12,13"
U24453,10:00,Thu,RESEARCH PREPARATION AND DEVELOPMENT,11:00,Lect,"14,15,16,17,18,19,21,22,23,24,25,26"
U25536,17:00,Wed,RESEARCH PREPARATION AND DEVELOPMENT (DL),18:00,DL,"2,3,4,5,6,8,9,10,11,12,13"
U25536,17:00,Wed,RESEARCH PREPARATION AND DEVELOPMENT (DL),18:00,DL,"14,15,16,17,18,19,21,22,23,24,25,26"
U24451,11:00,Thu,RESEARCH PROJECT,12:00,Lect,"2,3,4,5,6,8,9,10,11,12,13"
U24451,11:00,Thu,RESEARCH PROJECT,12:00,Lect,"14,15,16,17,18,19,21,22,23,24,25,26"
U25535,15:00,Wed,RESEARCH PROJECT (DL),16:00,DL,"2,3,4,5,6,8,9,10,11,12,13"
U25535,15:00,Wed,RESEARCH PROJECT (DL),16:00,DL,"14,15,16,17,18,19,21,22,23,24,25,26"
P24927,15:00,Mon,SCIENTIFIC PRINCIPLES FOR ICT,17:00,Lect,"2,3,4,5,6,8,9,10,11,12,13"
P24927,10:00,Tue,SCIENTIFIC PRINCIPLES FOR ICT,11:00,PBL,"3,4,5,8,9,10,11,12,13"
P24927,10:00,Tue,SCIENTIFIC PRINCIPLES FOR ICT,12:00,Tut,7
P24927,11:00,Wed,SCIENTIFIC PRINCIPLES FOR ICT,12:00,Test-IC,7
P24927,11:00,Wed,SCIENTIFIC PRINCIPLES FOR ICT,12:00,Test-IC,14
P24927,15:00,Mon,SCIENTIFIC PRINCIPLES FOR ICT,17:00,Lect,"14,15,16,17,18,19,21,22,23,24,25,26"
P24927,10:00,Tue,SCIENTIFIC PRINCIPLES FOR ICT,11:00,PBL,"14,15,16,17,18,19,21,22,23,24,26"
P24927,11:00,Wed,SCIENTIFIC PRINCIPLES FOR ICT,12:00,Test-IC,20
P24927,10:00,Tue,SCIENTIFIC PRINCIPLES FOR ICT,11:00,PBL,25
U22359,13:00,Fri,SECURITY AND CRYPTOGRAPHY,15:00,Pract,"2,3,4,5,6,8,9,10,11,12,13"
U22359,11:00,Tue,SECURITY AND CRYPTOGRAPHY,11:55,Lect,"14,15,16,17,18,19,21,22,23,24,25,26"
U22359,12:00,Tue,SECURITY AND CRYPTOGRAPHY,13:00,Drop-In,"14,15,16,17,18,19,21,22,23,24,25,26"
U25160,12:00,Wed,SECURITY MANAGEMENT,13:00,Lect,"2,3,4,5,6,8,9,10,11,12,13"
U25160,12:00,Wed,SECURITY MANAGEMENT,13:00,Lect,"14,15,16,17,18,19,21,22,23,24,25,26"
U22349,09:00,Tue,SOCIAL AND LEGAL ASPECTS OF COMPUTING,11:00,Sem,"2,3,4,5,6,8,9,10,11,12,13"
U22349,09:00,Tue,SOCIAL AND LEGAL ASPECTS OF COMPUTING,11:00,Sem,"14,15,16,17,18,19,21,22,23,24,25,26"
P21394,09:00,Thu,SWITCHED NETWORK ARCHITECTURES,12:00,Tut,"2,3"
P21394,09:00,Thu,SWITCHED NETWORK ARCHITECTURES,12:00,Comp,"4,5,6,8,9,10,11,12,13"
P21394,10:00,Thu,SWITCHED NETWORK ARCHITECTURES,13:00,Tut,14
P21394,09:00,Thu,SWITCHED NETWORK ARCHITECTURES,12:00,Comp,"15,16,17,18,22,23"
P21394,09:00,Thu,SWITCHED NETWORK ARCHITECTURES,12:00,Comp,21
P21394,09:00,Thu,SWITCHED NETWORK ARCHITECTURES,10:00,Tut,25
P24343,12:00,Mon,SYSTEM ADMINISTRATION AND INTERNETWORKING,13:00,Lect,"2,3,4,5,6,8,9,10,11,12,13"
P24343,14:00,Mon,SYSTEM ADMINISTRATION AND INTERNETWORKING,15:00,Tut,"8,9,10,11,12,13"
P24343,15:00,Tue,SYSTEM ADMINISTRATION AND INTERNETWORKING,18:00,Comp,"8,9,10,11,12,13"
P24343,12:00,Mon,SYSTEM ADMINISTRATION AND INTERNETWORKING,13:00,Lect,"14,15,16,17,18,19,21,22,23,24,25,26"
P24343,15:00,Tue,SYSTEM ADMINISTRATION AND INTERNETWORKING,18:00,Comp,"21,22,23,26"
P24343,15:00,Tue,SYSTEM ADMINISTRATION AND INTERNETWORKING,18:00,Comp,25
U23826,09:00,Tue,SYSTEM SECURITY,11:00,Pract,"14,15,16,17,18,19,21,22,23,24,25,26"
P22246,09:00,Thu,"SYSTEMS, SECURITY AND DATA ANALYSIS",10:00,Lect,"2,3,4,5,6,8,9,10,11,12,13"
P22246,11:00,Thu,"SYSTEMS, SECURITY AND DATA ANALYSIS",12:00,Pract,"2,3,4,5,6,8,9,10,11,12,13"
P22246,09:00,Thu,"SYSTEMS, SECURITY AND DATA ANALYSIS",10:00,Lect,"14,15,16,17,18,19"
P22246,11:00,Thu,"SYSTEMS, SECURITY AND DATA ANALYSIS",12:00,Pract,"14,15,16,17,18,19"
P22246,09:00,Thu,"SYSTEMS, SECURITY AND DATA ANALYSIS",10:00,Lect,"21,22,23,25,26"
P22246,11:00,Thu,"SYSTEMS, SECURITY AND DATA ANALYSIS",12:00,Pract,"21,22,23,25,26"
U21276,11:00,Wed,THEORETICAL COMPUTER SCIENCE,12:00,Lect,"2,3,4,5,6,8,9,10,11,12,13"
U21276,16:00,Mon,THEORETICAL COMPUTER SCIENCE,17:30,Test-IC,14
U21276,10:00,Wed,THEORETICAL COMPUTER SCIENCE,11:00,Lect,"14,15,16,17,18,19,21,22,23,24,25,26"
P21420,09:00,Thu,WAN AND VLAN SOLUTIONS,10:00,Lect,"2,3,4,5,6,8,9,10,11,12,13"
P21420,12:00,Thu,WAN AND VLAN SOLUTIONS,13:00,Comp,"3,4,5,8,9,10,11,12,13"
P21420,09:00,Thu,WAN AND VLAN SOLUTIONS,10:00,Lect,"14,15,16,17,18,19,21,22,23,24,25,26"
P21420,12:00,Thu,WAN AND VLAN SOLUTIONS,13:00,Comp,"15,16,17,18,19,21,22,23,24,25,26"
P22439,14:00,Mon,WEB DEVELOPMENT,16:00,Lect,"2,3,4,5,6,8,9,10,11,12,13"
P22439,16:00,Mon,WEB DEVELOPMENT,18:00,Pract,"2,3,4,5,6,8,9,10,11,12,13"
P22439,09:00,Fri,WEB DEVELOPMENT,12:55,Work,8
P22439,13:00,Fri,WEB DEVELOPMENT,17:00,Work,8
P22439,09:00,Fri,WEB DEVELOPMENT,12:55,Work,13
P22439,13:00,Fri,WEB DEVELOPMENT,17:00,Work,13
U21260,10:00,Mon,WEB FOUNDATIONS 1,11:00,Lect,"14,15,16,17,18,19,21,22,23,24,25,26"
U21277,16:00,Tue,WEB RESEARCH,18:00,Pract,"2,3,4,5,6,8,9,10,11,12,13"
U21277,16:00,Tue,WEB RESEARCH,18:00,Pract,"14,15,16,17,18,19"
U21277,16:00,Tue,WEB RESEARCH,18:00,Pract,"21,22,23,25,26"
U21264,12:00,Fri,WEB-SCRIPT PROGRAMMING,13:00,Lect,"2,3,4,5,6,8,9,10,11,12,13"
U21264,09:00,Mon,WEB-SCRIPT PROGRAMMING,12:55,Work,14
U21264,13:00,Mon,WEB-SCRIPT PROGRAMMING,17:00,Work,14
U21264,12:00,Fri,WEB-SCRIPT PROGRAMMING,13:00,Lect,"14,15,16,17,18,19,21,22,23,24,25,26"
